date,open,high,low,close,volume
2023-06-01,64.70600128173828,66.05799865722656,64.27400207519531,65.61199951171875,2743000
2023-06-02,66.0260009765625,66.4219970703125,65.5459976196289,66.03600311279297,4195000
2023-06-05,65.93399810791016,66.83200073242188,65.5780029296875,66.47599792480469,4130000
2023-06-06,66.39399719238281,66.87799835205078,66.31999969482422,66.62200164794922,3091000
2023-06-07,66.67400360107422,67.01799774169922,64.4000015258789,64.59600067138672,8366500
2023-06-08,64.48200225830078,65.70600128173828,64.48200225830078,65.45600128173828,3597000
2023-06-09,66.02799987792969,66.87999725341797,65.6780014038086,66.052001953125,3019000
2023-06-12,66.74199676513672,67.6240005493164,66.6240005493164,67.62000274658203,4245000
2023-06-13,68.94999694824219,68.94999694824219,67.58200073242188,68.06999969482422,4010500
2023-06-14,67.947998046875,68.78399658203125,67.7300033569336,68.48600006103516,3305000
2023-06-15,68.0,70.11000061035156,67.97799682617188,69.87999725341797,4845000
2023-06-16,70.58999633789062,70.79399871826172,69.2979965209961,69.45800018310547,6018500
2023-06-20,68.84600067138672,69.45800018310547,68.23799896240234,68.80799865722656,4745000
2023-06-21,68.55999755859375,68.84400177001953,67.28399658203125,67.53600311279297,7351500
2023-06-22,67.1520004272461,67.94200134277344,67.11799621582031,67.90599822998047,4538500
2023-06-23,67.10600280761719,67.70999908447266,66.93399810791016,67.34200286865234,4261500
2023-06-26,67.1500015258789,67.94999694824219,66.76799774169922,66.76799774169922,3681500
2023-06-27,67.18000030517578,68.3280029296875,67.08200073242188,68.05999755859375,2576000
2023-06-28,67.71800231933594,68.7760009765625,67.71800231933594,68.41000366210938,2732500
2023-06-29,68.45999908447266,68.552001953125,67.99199676513672,68.4000015258789,3417000
2023-06-30,68.94000244140625,69.59400177001953,68.94000244140625,69.18199920654297,2889500
2023-07-03,68.94999694824219,69.0,68.46800231933594,68.81999969482422,1019500
2023-07-05,68.50399780273438,68.9800033569336,68.33399963378906,68.80599975585938,1641000
2023-07-06,67.86199951171875,68.14199829101562,67.3740005493164,68.08599853515625,1825500
2023-07-07,67.81600189208984,68.72799682617188,67.81600189208984,67.94599914550781,2526000
2023-07-10,67.77400207519531,69.13800048828125,67.77400207519531,69.12200164794922,8713500
2023-07-11,69.39399719238281,70.28600311279297,68.90799713134766,70.13999938964844,5818500
2023-07-12,70.77200317382812,70.99800109863281,69.94400024414062,70.52400207519531,5029500
2023-07-13,71.08599853515625,71.85600280761719,70.99800109863281,71.69000244140625,3923000
2023-07-14,71.76599884033203,72.43399810791016,71.49600219726562,71.73799896240234,5470000
2023-07-17,71.94599914550781,72.8759994506836,71.68599700927734,72.63600158691406,4647500
2023-07-18,72.30000305175781,73.5999984741211,71.98400115966797,73.31400299072266,4822000
2023-07-19,73.76200103759766,74.31199645996094,73.1240005493164,73.4020004272461,9163000
2023-07-20,72.63999938964844,73.31800079345703,71.44999694824219,71.60600280761719,9468000
2023-07-21,72.16600036621094,72.69000244140625,71.60399627685547,71.79199981689453,3827000
2023-07-24,71.88600158691406,72.03800201416016,71.05400085449219,71.56999969482422,3077000
2023-07-25,71.43599700927734,72.37999725341797,71.43599700927734,72.11399841308594,4022500
2023-07-26,71.71199798583984,71.802001953125,70.94400024414062,71.41600036621094,4452000
2023-07-27,72.4260025024414,72.54399871826172,70.56800079345703,70.86199951171875,2758000
2023-07-28,71.46600341796875,72.02999877929688,71.21800231933594,71.89199829101562,2367000
2023-07-31,72.00800323486328,72.86799621582031,72.00800323486328,72.86799621582031,2963500
2023-08-01,72.35399627685547,73.09200286865234,72.04399871826172,72.90399932861328,2631000
2023-08-02,71.81999969482422,71.81999969482422,70.0479965209961,70.59200286865234,7823000
2023-08-03,69.9280014038086,70.52200317382812,69.89600372314453,70.13200378417969,4218500
2023-08-04,70.27200317382812,70.39800262451172,69.24600219726562,69.3479995727539,4409000
2023-08-07,69.52400207519531,69.80000305175781,69.1780014038086,69.79000091552734,2543000
2023-08-08,68.63600158691406,68.85600280761719,67.93599700927734,68.6520004272461,3914500
2023-08-09,68.56999969482422,68.70600128173828,67.54000091552734,67.86199951171875,3551000
2023-08-10,68.53800201416016,69.27200317382812,67.87999725341797,68.30000305175781,5805000
2023-08-11,67.61599731445312,68.46399688720703,67.61599731445312,68.19599914550781,2816500
2023-08-14,67.84400177001953,69.08399963378906,67.8280029296875,69.08399963378906,6328000
2023-08-15,68.91400146484375,69.07599639892578,68.28399658203125,68.49199676513672,6497000
2023-08-16,68.2239990234375,68.802001953125,67.8740005493164,67.9020004272461,2761000
2023-08-17,68.03399658203125,68.22599792480469,66.79399871826172,66.87000274658203,2822500
2023-08-18,66.00399780273438,67.3499984741211,66.00199890136719,67.14399719238281,3235500
2023-08-21,67.59400177001953,68.48200225830078,67.59400177001953,68.33599853515625,3542000
2023-08-22,68.7959976196289,68.93800354003906,68.15399932861328,68.27999877929688,3220500
2023-08-23,68.65599822998047,69.78199768066406,68.44400024414062,69.4020004272461,3614500
2023-08-24,70.36399841308594,70.36399841308594,67.8239974975586,67.8280029296875,4454000
2023-08-25,68.12799835205078,69.44000244140625,67.84200286865234,69.1719970703125,4251000
2023-08-28,69.5999984741211,69.84400177001953,69.1500015258789,69.50399780273438,2107000
2023-08-29,69.28800201416016,70.8759994506836,69.28800201416016,70.85199737548828,2809000
2023-08-30,70.76200103759766,71.49800109863281,70.697998046875,71.48600006103516,2927000
2023-08-31,71.94999694824219,72.44400024414062,71.76000213623047,72.00599670410156,4126000
2023-09-01,72.39399719238281,72.75199890136719,72.03199768066406,72.34200286865234,2618500
2023-09-05,72.03600311279297,72.8239974975586,71.87000274658203,72.69400024414062,4202500
2023-09-06,72.41600036621094,73.0,72.23200225830078,72.7979965209961,2373500
2023-09-07,72.13999938964844,72.78399658203125,71.8499984741211,72.6259994506836,3551500
2023-09-08,72.89199829101562,73.14800262451172,72.59200286865234,72.75800323486328,3743500
2023-09-11,73.35800170898438,73.41799926757812,72.78199768066406,73.3479995727539,3482500
2023-09-12,71.9800033569336,72.2760009765625,71.19999694824219,71.23600006103516,3490500
2023-09-13,71.16600036621094,71.6780014038086,70.9020004272461,71.38600158691406,2805000
2023-09-14,71.86799621582031,71.9739990234375,71.11399841308594,71.73799896240234,2597500
2023-09-15,71.03600311279297,71.35600280761719,70.12200164794922,70.38400268554688,5079000
2023-09-18,69.96600341796875,70.59600067138672,69.96399688720703,70.35600280761719,3121000
2023-09-19,70.18399810791016,70.2959976196289,69.51200103759766,70.2699966430664,1779000
2023-09-20,70.63999938964844,70.80999755859375,69.61199951171875,69.63600158691406,2250000
2023-09-21,68.88600158691406,69.24800109863281,67.9739990234375,67.99800109863281,2920000
2023-09-22,68.26399993896484,68.71199798583984,68.02400207519531,68.11399841308594,2544500
2023-09-25,67.76200103759766,68.2040023803711,67.62999725341797,68.0999984741211,1945000
2023-09-26,67.52200317382812,67.85800170898438,66.7979965209961,67.01799774169922,2913000
2023-09-27,67.2300033569336,67.80999755859375,66.89800262451172,67.47000122070312,3011000
2023-09-28,66.89800262451172,68.39399719238281,66.64199829101562,67.98600006103516,2359000
2023-09-29,68.49800109863281,69.20600128173828,68.0999984741211,68.25199890136719,3191500
2023-10-02,68.28600311279297,68.94200134277344,68.12200164794922,68.62999725341797,2793500
2023-10-03,68.0,68.45999908447266,66.60600280761719,66.90799713134766,2648000
2023-10-04,67.11399841308594,68.1520004272461,67.11399841308594,67.98999786376953,5246000
2023-10-05,67.9739990234375,68.0,67.0780029296875,67.90599822998047,2460500
2023-10-06,67.31600189208984,69.99400329589844,67.31600189208984,69.73999786376953,3219500
2023-10-09,69.36000061035156,70.33200073242188,69.12799835205078,70.2040023803711,3060500
2023-10-10,70.30599975585938,71.10600280761719,70.10600280761719,70.52999877929688,4282000
2023-10-11,70.77400207519531,71.19999694824219,70.38600158691406,70.9260025024414,2314500
2023-10-12,71.16999816894531,71.52400207519531,70.16799926757812,70.63200378417969,3318000
2023-10-13,70.58599853515625,70.9020004272461,69.5479965209961,69.85600280761719,2326500
2023-10-16,70.06800079345703,71.12799835205078,70.05400085449219,70.65799713134766,3766500
2023-10-17,69.95800018310547,71.40799713134766,69.83799743652344,71.01599884033203,6538000
2023-10-18,70.7020034790039,71.06199645996094,69.80599975585938,69.947998046875,2565500
2023-10-19,70.10399627685547,70.81800079345703,69.38400268554688,69.51000213623047,3308000
2023-10-20,69.28399658203125,69.4000015258789,67.33200073242188,67.75399780273438,6432500
2023-10-23,67.18399810791016,68.46399688720703,66.75,67.75800323486328,3691500
2023-10-24,68.1240005493164,68.74400329589844,67.54399871826172,68.3759994506836,2290000
2023-10-25,68.26399993896484,68.3759994506836,66.34600067138672,66.54199981689453,5270500
2023-10-26,66.70800018310547,67.33200073242188,65.4280014038086,65.86599731445312,6060000
2023-10-27,66.3280029296875,66.55999755859375,65.66200256347656,65.83799743652344,3493000
2023-10-30,66.24800109863281,67.01000213623047,66.06400299072266,66.71199798583984,4084000
2023-10-31,66.8280029296875,67.65399932861328,66.47200012207031,67.48999786376953,3277000
2023-11-01,67.51799774169922,68.14800262451172,67.14399719238281,68.0459976196289,7905500
2023-11-02,68.87000274658203,69.23999786376953,68.61799621582031,69.23200225830078,8049000
2023-11-03,69.05400085449219,70.29399871826172,68.77999877929688,69.96199798583984,8740500
2023-11-06,69.98200225830078,70.13600158691406,69.04000091552734,69.7979965209961,8203000
2023-11-07,70.46800231933594,71.697998046875,70.40799713134766,71.20999908447266,4412000
2023-11-08,71.4219970703125,71.9020004272461,71.16000366210938,71.69200134277344,2822000
2023-11-09,72.0,72.27799987792969,71.02400207519531,71.08399963378906,3612000
2023-11-10,71.31600189208984,72.88200378417969,71.12799835205078,72.85399627685547,3327000
2023-11-13,72.57599639892578,73.11799621582031,72.31999969482422,72.9280014038086,3500500
2023-11-14,74.76200103759766,75.03600311279297,74.05000305175781,74.9280014038086,4520000
2023-11-15,75.22200012207031,75.22200012207031,74.26000213623047,74.51000213623047,3603000
2023-11-16,74.04199981689453,74.84200286865234,73.93199920654297,74.54199981689453,2781000
2023-11-17,74.5999984741211,74.93599700927734,74.3759994506836,74.78199768066406,2595000
2023-11-20,74.89600372314453,76.0780029296875,74.89600372314453,75.93000030517578,3198000
2023-11-21,75.5979995727539,76.0199966430664,75.30799865722656,75.9020004272461,9361500
2023-11-22,76.39800262451172,76.56800079345703,75.73400115966797,75.88600158691406,9302000
2023-11-24,75.89600372314453,76.13400268554688,75.58200073242188,76.13400268554688,1492500
2023-11-27,75.97200012207031,76.56199645996094,75.7699966430664,76.0999984741211,7321000
2023-11-28,75.80000305175781,76.71399688720703,75.78600311279297,76.54000091552734,3985500
2023-11-29,77.54399871826172,78.23200225830078,77.54399871826172,77.76799774169922,3940500
2023-11-30,78.55999755859375,79.07599639892578,77.40599822998047,78.39399719238281,5759500
2023-12-01,78.2040023803711,79.51000213623047,78.10399627685547,79.48400115966797,4940000
2023-12-04,78.54000091552734,78.81600189208984,77.53600311279297,78.5,4778000
2023-12-05,77.81999969482422,78.48799896240234,77.58399963378906,78.48799896240234,1675000
2023-12-06,79.01599884033203,79.01599884033203,77.5979995727539,77.68000030517578,1866000
2023-12-07,77.80400085449219,78.1719970703125,77.4000015258789,78.08999633789062,2846000
2023-12-08,77.60600280761719,78.85199737548828,77.60600280761719,78.73799896240234,1430000
2023-12-11,78.84200286865234,79.63999938964844,78.62000274658203,79.54199981689453,8567500
2023-12-12,79.02400207519531,79.70800018310547,78.71199798583984,79.68399810791016,3920000
2023-12-13,79.83599853515625,80.7300033569336,79.4000015258789,80.61000061035156,6070000
2023-12-14,80.46199798583984,80.77999877929688,78.87999725341797,79.52999877929688,3805000
2023-12-15,79.36799621582031,80.52200317382812,79.36799621582031,80.302001953125,5160500
2023-12-18,80.23200225830078,81.15799713134766,80.23200225830078,80.91600036621094,3011000
2023-12-19,81.03600311279297,81.5260009765625,80.98999786376953,81.41999816894531,2338000
2023-12-20,81.16200256347656,81.71199798583984,80.21199798583984,80.25399780273438,2087000
2023-12-21,81.00199890136719,81.39800262451172,80.6500015258789,81.3479995727539,1669000
2023-12-22,81.75399780273438,81.75399780273438,81.08399963378906,81.49800109863281,1545000
2023-12-26,81.69999694824219,81.84200286865234,81.4520034790039,81.75800323486328,1264000
2023-12-27,81.68399810791016,81.94599914550781,81.4219970703125,81.69599914550781,2180000
2023-12-28,81.75599670410156,81.8239974975586,81.52799987792969,81.66799926757812,2213500
2023-12-29,81.70600128173828,81.85399627685547,80.80400085449219,81.12799835205078,1700000
2024-01-02,80.23799896240234,80.41400146484375,78.34200286865234,78.8740005493164,4931500
2024-01-03,77.98400115966797,78.33799743652344,77.5199966430664,77.60199737548828,3369500
2024-01-04,77.58000183105469,77.99600219726562,77.31199645996094,77.40599822998047,2423500
2024-01-05,77.42400360107422,78.01799774169922,77.13999938964844,77.31199645996094,3436000
2024-01-08,77.77999877929688,79.47200012207031,77.77999877929688,79.4219970703125,2212000
2024-01-09,79.05400085449219,80.11799621582031,78.97799682617188,79.74400329589844,2218500
2024-01-10,80.1259994506836,81.05599975585938,79.91200256347656,80.83799743652344,4335000
2024-01-11,81.31199645996094,81.85399627685547,80.30400085449219,81.48999786376953,2452500
2024-01-12,81.7239990234375,82.11799621582031,81.36000061035156,81.73600006103516,2186500
2024-01-16,81.51599884033203,82.0780029296875,81.13600158691406,81.71199798583984,1857500
2024-01-17,81.08200073242188,81.43800354003906,80.03199768066406,81.35800170898438,3967500
2024-01-18,81.95600128173828,82.2699966430664,81.41600036621094,82.18800354003906,2445000
2024-01-19,82.62200164794922,83.67400360107422,82.40399932861328,83.67400360107422,2258500
2024-01-22,84.35199737548828,85.08799743652344,84.29000091552734,84.43800354003906,3400500
2024-01-23,84.85399627685547,84.85399627685547,83.93399810791016,84.60199737548828,4458500
2024-01-24,85.58599853515625,85.75399780273438,84.5459976196289,84.5719985961914,4159000
2024-01-25,85.46800231933594,85.46800231933594,84.30599975585938,84.80999755859375,2095500
2024-01-26,84.71399688720703,85.3219985961914,84.43199920654297,84.66200256347656,1425500
2024-01-29,84.60399627685547,86.34400177001953,84.60399627685547,86.34400177001953,3083000
2024-01-30,86.33399963378906,86.37200164794922,85.69400024414062,85.95600128173828,3464500
2024-01-31,85.35399627685547,85.45600128173828,84.03600311279297,84.07599639892578,3402000
2024-02-01,84.8479995727539,85.4000015258789,84.23200225830078,85.24800109863281,3283500
2024-02-02,85.43000030517578,86.0999984741211,84.79399871826172,85.8759994506836,1856500
2024-02-05,85.89600372314453,85.9520034790039,84.41600036621094,85.33200073242188,1777500
2024-02-06,85.71800231933594,85.86599731445312,84.30799865722656,85.18599700927734,1930500
2024-02-07,86.0,86.83200073242188,85.56800079345703,86.5479965209961,1638000
2024-02-08,86.72599792480469,87.56199645996094,86.65799713134766,87.43800354003906,2139000
2024-02-09,88.36599731445312,88.81800079345703,87.89800262451172,88.4020004272461,2319000
2024-02-12,88.65599822998047,88.65599822998047,87.33399963378906,87.48200225830078,2218000
2024-02-13,84.78199768066406,86.25599670410156,84.25,85.53399658203125,3384000
2024-02-14,86.66000366210938,87.302001953125,86.30000305175781,87.22799682617188,1609000
2024-02-15,87.75599670410156,87.76799774169922,86.70800018310547,87.0999984741211,1535000
2024-02-16,87.0260009765625,87.0260009765625,85.48999786376953,85.55400085449219,3883500
2024-02-20,84.7239990234375,85.25199890136719,83.46800231933594,84.49600219726562,4730000
2024-02-21,82.01599884033203,82.16000366210938,81.2699966430664,82.12799835205078,6011000
2024-02-22,84.47799682617188,84.88400268554688,84.07599639892578,84.22799682617188,4771000
2024-02-23,84.73999786376953,85.12799835205078,84.22000122070312,84.68000030517578,2841000
2024-02-26,85.17400360107422,86.21600341796875,84.92400360107422,85.49600219726562,4134000
2024-02-27,86.05799865722656,86.05799865722656,84.91000366210938,85.5459976196289,1932000
2024-02-28,85.13600158691406,85.63999938964844,84.90599822998047,85.39800262451172,1731000
2024-02-29,85.86599731445312,86.2760009765625,85.27200317382812,86.05400085449219,3131000
2024-03-01,86.36599731445312,86.94999694824219,85.56800079345703,86.91400146484375,3402500
2024-03-04,86.5780029296875,86.89199829101562,86.41999816894531,86.5479965209961,1665000
2024-03-05,85.61599731445312,85.69200134277344,82.73799896240234,83.23999786376953,6909000
2024-03-06,84.94000244140625,85.0999984741211,83.6780014038086,84.41200256347656,5416500
2024-03-07,85.1500015258789,85.6500015258789,84.22000122070312,85.41000366210938,1772900
2024-03-08,85.63999938964844,86.3499984741211,84.6500015258789,84.93000030517578,1910400
2024-03-11,84.47000122070312,85.51000213623047,84.29000091552734,85.16000366210938,3155000
2024-03-12,86.02999877929688,87.16999816894531,85.58000183105469,87.02999877929688,3046200
2024-03-13,86.97000122070312,87.08999633789062,86.27999877929688,86.4000015258789,2322900
2024-03-14,86.81999969482422,86.88999938964844,85.41000366210938,85.97000122070312,4788200
2024-03-15,84.2300033569336,84.5199966430664,83.26000213623047,83.55999755859375,5312200
2024-03-18,83.9800033569336,84.88999938964844,83.9800033569336,84.51000213623047,2969500
2024-03-19,84.19000244140625,85.16000366210938,83.66999816894531,85.12999725341797,5379700
2024-03-20,85.37000274658203,86.1500015258789,84.94000244140625,85.94999694824219,3724500
2024-03-21,86.91000366210938,87.29000091552734,86.5,86.55999755859375,4347900
2024-03-22,86.48999786376953,86.55000305175781,85.62999725341797,85.98999786376953,1644100
2024-03-25,85.45999908447266,85.9800033569336,85.19999694824219,85.69000244140625,1418500
2024-03-26,85.9000015258789,86.33999633789062,85.73999786376953,85.8499984741211,1108600
2024-03-27,86.44999694824219,86.63999938964844,84.94000244140625,85.38999938964844,1947200
2024-03-28,85.45999908447266,85.91999816894531,85.2300033569336,85.2699966430664,2068800
2024-04-01,85.5199966430664,85.7300033569336,84.54000091552734,85.0199966430664,2502800
2024-04-02,83.62999725341797,84.19000244140625,83.18000030517578,84.12000274658203,1897500
2024-04-03,83.68000030517578,84.87000274658203,83.68000030517578,84.2699966430664,1716400
2024-04-04,85.16999816894531,85.76000213623047,83.19999694824219,83.27999877929688,3397400
2024-04-05,83.29000091552734,84.7699966430664,83.29000091552734,84.16999816894531,10464500
2024-04-08,84.19999694824219,84.63999938964844,83.70999908447266,84.45999908447266,2396500
2024-04-09,84.83000183105469,84.9800033569336,83.87999725341797,84.69999694824219,2165000
2024-04-10,83.2699966430664,83.87000274658203,83.19999694824219,83.58999633789062,4779400
2024-04-11,83.86000061035156,84.44000244140625,83.20999908447266,84.13999938964844,3059300
2024-04-12,83.30000305175781,83.41999816894531,82.44000244140625,82.76000213623047,5572300
2024-04-15,83.05000305175781,83.05000305175781,80.2699966430664,80.4800033569336,5380400
2024-04-16,80.44999694824219,81.2699966430664,80.12999725341797,80.69999694824219,4494100
2024-04-17,80.9000015258789,81.19000244140625,80.0199966430664,80.05999755859375,3100400
2024-04-18,80.27999877929688,80.47000122070312,79.30999755859375,79.5,4622700
2024-04-19,79.44000244140625,79.72000122070312,78.2300033569336,78.52999877929688,4199000
2024-04-22,79.2699966430664,79.76000213623047,78.4000015258789,79.4800033569336,5243600
2024-04-23,79.77999877929688,81.11000061035156,79.66000366210938,80.86000061035156,3410500
2024-04-24,81.18000030517578,81.55000305175781,80.37999725341797,80.94000244140625,2422800
2024-04-25,79.58000183105469,80.4000015258789,78.98999786376953,80.19000244140625,4400100
2024-04-26,80.86000061035156,81.83000183105469,80.62999725341797,81.08999633789062,3172600
2024-04-29,81.41999816894531,81.69000244140625,80.45999908447266,80.95999908447266,2084800
2024-04-30,80.51000213623047,80.61000061035156,78.93000030517578,78.93000030517578,3212100
2024-05-01,79.0,80.76000213623047,78.37999725341797,79.06999969482422,6727800
2024-05-02,79.91000366210938,80.06999969482422,78.66000366210938,79.91000366210938,3055400
2024-05-03,80.9000015258789,81.16999816894531,80.43000030517578,80.87000274658203,3341100
2024-05-06,81.08000183105469,82.04000091552734,81.08000183105469,81.98999786376953,1631800
2024-05-07,81.6500015258789,82.0199966430664,81.05999755859375,81.55000305175781,2354400
2024-05-08,81.1500015258789,81.5199966430664,81.01000213623047,81.20999908447266,2488400
2024-05-09,81.16999816894531,81.45999908447266,80.8499984741211,81.16000366210938,2617100
2024-05-10,81.33999633789062,82.08999633789062,81.31999969482422,81.38999938964844,2025100
2024-05-13,81.87999725341797,81.91999816894531,81.33000183105469,81.48999786376953,1999000
2024-05-14,81.25,82.11000061035156,81.25,81.97000122070312,6244500
2024-05-15,82.7300033569336,84.16000366210938,82.72000122070312,84.02999877929688,4114100
2024-05-16,84.05000305175781,84.25,83.6500015258789,83.79000091552734,3163400
2024-05-17,83.87999725341797,84.2699966430664,83.76000213623047,84.2699966430664,2293700
2024-05-20,84.36000061035156,85.12999725341797,84.16000366210938,85.12999725341797,2111600
2024-05-21,84.58999633789062,84.80000305175781,84.20999908447266,84.47000122070312,2439500
2024-05-22,84.41999816894531,84.91999816894531,83.98999786376953,84.4800033569336,2473200
2024-05-23,85.19999694824219,85.22000122070312,83.38999938964844,83.72000122070312,2855500
2024-05-24,82.87999725341797,83.2699966430664,82.23999786376953,82.9000015258789,2957400
2024-05-28,82.80000305175781,82.80000305175781,81.91000366210938,82.33999633789062,4628100
2024-05-29,81.36000061035156,82.37999725341797,81.3499984741211,82.11000061035156,5058200
2024-05-30,79.77999877929688,79.77999877929688,77.25,77.36000061035156,11833200
2024-05-31,77.6500015258789,78.08999633789062,76.0999984741211,78.08999633789062,9925600
2024-06-03,78.43000030517578,78.91000366210938,77.08000183105469,77.94000244140625,4237500
2024-06-04,77.87999725341797,78.41999816894531,77.73999786376953,78.2699966430664,6180100
2024-06-05,79.04000091552734,80.05000305175781,78.5199966430664,80.04000091552734,9787400
2024-06-06,79.93000030517578,80.86000061035156,79.93000030517578,80.2699966430664,4067000
2024-06-07,80.0,80.66999816894531,79.76000213623047,80.37999725341797,2933500
2024-06-10,80.1500015258789,80.77999877929688,80.0,80.61000061035156,8923000
2024-06-11,80.22000122070312,80.97000122070312,79.79000091552734,80.87999725341797,3778000
2024-06-12,82.44999694824219,83.1500015258789,82.25,82.72000122070312,4387000
2024-06-13,82.76000213623047,82.8499984741211,81.68000030517578,81.8499984741211,3577100
2024-06-14,82.5,83.12999725341797,82.5,83.04000091552734,4250200
2024-06-17,83.0,83.98999786376953,82.36000061035156,83.76000213623047,3840600
2024-06-18,83.56999969482422,84.12999725341797,83.51000213623047,84.04000091552734,2420400
2024-06-20,84.16000366210938,84.4000015258789,83.69999694824219,83.93000030517578,3019600
2024-06-21,84.27999877929688,84.80999755859375,83.69999694824219,84.7699966430664,3391200
2024-06-24,84.2300033569336,84.69000244140625,83.87999725341797,83.9000015258789,4082800
2024-06-25,84.19999694824219,84.61000061035156,83.91000366210938,84.55999755859375,2130300
2024-06-26,84.2300033569336,84.97000122070312,84.12999725341797,84.66000366210938,1630100
2024-06-27,84.91000366210938,86.91000366210938,84.7300033569336,86.45999908447266,5988800
2024-06-28,86.7699966430664,87.51000213623047,86.54000091552734,86.9000015258789,5720200
2024-07-01,87.04000091552734,87.41999816894531,86.13999938964844,87.33999633789062,3467300
2024-07-02,86.91999816894531,87.87000274658203,86.9000015258789,87.7699966430664,2483700
2024-07-03,87.7300033569336,88.11000061035156,87.66999816894531,87.87999725341797,2319900
2024-07-05,87.81999969482422,88.97000122070312,87.80999755859375,88.93000030517578,2282100
2024-07-08,88.58999633789062,88.7699966430664,87.79000091552734,88.08000183105469,3729600
2024-07-09,87.83000183105469,88.04000091552734,86.48999786376953,86.68000030517578,4585300
2024-07-10,86.62000274658203,86.73999786376953,85.66999816894531,86.66999816894531,6804900
2024-07-11,86.93000030517578,87.7300033569336,86.18000030517578,86.41999816894531,4911200
2024-07-12,86.30000305175781,87.63999938964844,86.19999694824219,87.31999969482422,6838300
2024-07-15,87.47000122070312,88.5,87.30000305175781,87.94999694824219,5083500
2024-07-16,87.80999755859375,88.37000274658203,87.58000183105469,88.23999786376953,6213900
2024-07-17,87.2699966430664,87.2699966430664,86.0199966430664,86.31999969482422,5830100
2024-07-18,86.54000091552734,86.6500015258789,84.51000213623047,85.02999877929688,3888500
2024-07-19,84.5199966430664,85.23999786376953,84.41999816894531,84.8499984741211,3342000
2024-07-22,85.31999969482422,85.83000183105469,84.83999633789062,85.62000274658203,4321100
2024-07-23,85.87000274658203,86.54000091552734,85.66999816894531,85.80000305175781,5813900
2024-07-24,84.75,85.30000305175781,82.7699966430664,82.88999938964844,3675200
2024-07-25,83.81999969482422,85.41000366210938,82.7300033569336,83.72000122070312,5082500
2024-07-26,84.29000091552734,85.29000091552734,84.08999633789062,84.7699966430664,2456500
2024-07-29,85.0999984741211,85.33000183105469,84.2300033569336,84.2699966430664,4303200
2024-07-30,84.47000122070312,84.97000122070312,82.6500015258789,83.45999908447266,3014500
2024-07-31,84.61000061035156,85.25,84.30000305175781,84.62000274658203,3591000
2024-08-01,84.58000183105469,85.5199966430664,82.26000213623047,82.9800033569336,3590000
2024-08-02,80.66999816894531,80.81999969482422,79.16999816894531,80.20999908447266,11362700
2024-08-05,75.95999908447266,79.12000274658203,75.95999908447266,77.94000244140625,6484400
2024-08-06,79.08999633789062,80.20999908447266,78.51000213623047,79.11000061035156,5303900
2024-08-07,80.66000366210938,81.55000305175781,78.88999938964844,78.94999694824219,3166400
2024-08-08,80.23999786376953,81.72000122070312,79.66999816894531,81.55999755859375,5824000
2024-08-09,81.45999908447266,82.62999725341797,81.38999938964844,82.47000122070312,2404100
2024-08-12,82.55999755859375,82.72000122070312,81.5999984741211,81.94000244140625,2112200
2024-08-13,82.37999725341797,83.5999984741211,82.37000274658203,83.41000366210938,6022300
2024-08-14,83.4000015258789,84.27999877929688,83.12999725341797,83.87999725341797,1749200
2024-08-15,84.66000366210938,85.51000213623047,84.66000366210938,85.41999816894531,2546500
2024-08-16,85.18000030517578,85.72000122070312,84.94999694824219,85.5199966430664,1467200
2024-08-19,85.5199966430664,86.5,85.4000015258789,86.5,1983400
2024-08-20,86.52999877929688,87.06999969482422,86.45999908447266,86.69000244140625,1807000
2024-08-21,86.6500015258789,87.26000213623047,86.44000244140625,87.22000122070312,3858900
2024-08-22,87.31999969482422,87.73999786376953,85.77999877929688,85.87999725341797,1732800
2024-08-23,86.72000122070312,86.83000183105469,85.44999694824219,86.37000274658203,3014700
2024-08-26,86.18000030517578,86.7300033569336,85.91000366210938,86.08999633789062,2748600
2024-08-27,85.30999755859375,86.45999908447266,85.30999755859375,86.31999969482422,1908100
2024-08-28,85.95999908447266,86.30999755859375,84.79000091552734,85.25,3112200
2024-08-29,86.36000061035156,87.61000061035156,86.19000244140625,86.29000091552734,3924400
2024-08-30,86.88999938964844,87.0,85.91000366210938,86.80000305175781,2864600
2024-09-03,86.55999755859375,87.13999938964844,84.45999908447266,84.9000015258789,2432100
2024-09-04,83.91999816894531,85.1500015258789,83.83999633789062,84.70999908447266,2658600
2024-09-05,84.19999694824219,84.88999938964844,83.7300033569336,84.38999938964844,1893400
2024-09-06,84.76000213623047,85.12000274658203,82.83000183105469,83.36000061035156,10428700
2024-09-09,83.95999908447266,84.9000015258789,83.83999633789062,84.41000366210938,4426000
2024-09-10,85.58000183105469,85.83000183105469,84.68000030517578,85.75,4886100
2024-09-11,85.44000244140625,86.81999969482422,84.19999694824219,86.66999816894531,3133700
2024-09-12,86.86000061035156,87.76000213623047,86.68000030517578,87.58999633789062,2895500
2024-09-13,87.33000183105469,87.72000122070312,86.95999908447266,87.33000183105469,3664000
2024-09-16,87.5199966430664,88.3499984741211,87.5199966430664,88.0199966430664,4878600
2024-09-17,88.66000366210938,88.66000366210938,87.33999633789062,87.62000274658203,2641500
2024-09-18,87.63999938964844,88.0199966430664,86.66000366210938,86.87000274658203,3005900
2024-09-19,88.9800033569336,89.58000183105469,88.51000213623047,89.19000244140625,3285300
2024-09-20,88.80000305175781,89.31999969482422,88.33000183105469,89.19999694824219,6398600
2024-09-23,89.38999938964844,89.52999877929688,89.04000091552734,89.20999908447266,1528700
2024-09-24,89.4800033569336,89.5,88.44999694824219,89.31999969482422,2183500
2024-09-25,89.05999755859375,89.44000244140625,88.72000122070312,88.86000061035156,1675900
2024-09-26,89.83999633789062,89.98999786376953,88.55000305175781,89.31999969482422,2506900
2024-09-27,89.31999969482422,89.55000305175781,88.9000015258789,89.23999786376953,4171600
2024-09-30,88.8499984741211,89.45999908447266,88.4800033569336,89.37000274658203,2796000
2024-10-01,89.38999938964844,89.5199966430664,87.2300033569336,87.4800033569336,2830500
2024-10-02,87.44999694824219,88.5999984741211,87.30999755859375,88.22000122070312,3442700
2024-10-03,87.68000030517578,88.63999938964844,87.68000030517578,88.30999755859375,3772900
2024-10-04,89.31999969482422,89.91999816894531,88.70999908447266,89.9000015258789,2124100
2024-10-07,89.55000305175781,89.81999969482422,88.5,88.68000030517578,3368500
2024-10-08,89.06999969482422,90.69999694824219,89.06999969482422,90.58000183105469,2657200
2024-10-09,90.79000091552734,91.88999938964844,90.58999633789062,91.7300033569336,4216800
2024-10-10,91.37999725341797,92.41999816894531,91.23999786376953,92.36000061035156,6154800
2024-10-11,92.41999816894531,92.98999786376953,92.37000274658203,92.81999969482422,2588100
2024-10-14,93.44000244140625,93.69000244140625,92.8499984741211,93.33000183105469,5191800
2024-10-15,93.5,93.56999969482422,92.23999786376953,92.43000030517578,2487400
2024-10-16,92.37999725341797,92.37999725341797,91.16999816894531,92.0,1738900
2024-10-17,92.7300033569336,92.77999877929688,91.7300033569336,92.06999969482422,1426800
2024-10-18,92.2300033569336,92.68000030517578,92.0,92.30999755859375,2617500
2024-10-21,91.72000122070312,92.69000244140625,91.56999969482422,92.27999877929688,2125800
2024-10-22,91.9000015258789,92.37999725341797,91.77999877929688,92.11000061035156,1680300
2024-10-23,91.86000061035156,92.02999877929688,90.31999969482422,90.79000091552734,3619700
2024-10-24,91.52999877929688,92.27999877929688,91.37999725341797,91.79000091552734,1458100
2024-10-25,92.23999786376953,93.29000091552734,91.88999938964844,92.19999694824219,2555400
2024-10-28,92.7699966430664,93.0,92.27999877929688,92.33999633789062,2344700
2024-10-29,92.44999694824219,94.05999755859375,92.37000274658203,93.88999938964844,2185100
2024-10-30,93.9000015258789,94.55000305175781,93.5199966430664,93.66999816894531,2187400
2024-10-31,92.56999969482422,92.91000366210938,91.26000213623047,91.26000213623047,3307100
2024-11-01,91.54000091552734,92.93000030517578,91.4800033569336,92.26000213623047,3116700
2024-11-04,91.86000061035156,92.63999938964844,91.55999755859375,92.25,1721600
2024-11-05,92.98999786376953,94.05000305175781,92.9800033569336,93.86000061035156,2636400
2024-11-06,96.47000122070312,97.73999786376953,96.2699966430664,97.70999908447266,7199800
2024-11-07,98.5999984741211,100.33999633789062,98.33000183105469,100.16000366210938,5536700
2024-11-08,100.06999969482422,101.41000366210938,99.94000244140625,101.23999786376953,4941100
2024-11-11,102.37000274658203,103.68000030517578,101.98999786376953,103.58999633789062,11509000
2024-11-12,102.8499984741211,104.29000091552734,102.80000305175781,104.08999633789062,5093300
2024-11-13,104.33000183105469,105.9000015258789,104.18000030517578,104.41999816894531,7266900
2024-11-14,104.12999725341797,104.66000366210938,102.91999816894531,103.05000305175781,6237600
2024-11-15,102.05999755859375,102.3499984741211,100.6500015258789,101.12999725341797,6674800
2024-11-18,101.41000366210938,101.7699966430664,100.56999969482422,101.12000274658203,2827200
2024-11-19,100.16999816894531,102.66999816894531,99.81999969482422,102.5199966430664,5866800
2024-11-20,103.23999786376953,103.54000091552734,101.80000305175781,103.30999755859375,6153700
2024-11-21,104.58999633789062,105.75,103.69999694824219,104.54000091552734,6883500
2024-11-22,104.79000091552734,106.16000366210938,104.52999877929688,106.04000091552734,6795700
2024-11-25,107.4000015258789,107.54000091552734,105.62000274658203,105.79000091552734,7199800
2024-11-26,105.73999786376953,106.5999984741211,105.66000366210938,106.19000244140625,3156800
2024-11-27,105.58999633789062,105.69000244140625,103.54000091552734,104.30000305175781,8332700
2024-11-29,104.6500015258789,105.2699966430664,104.37999725341797,104.76000213623047,1960800
2024-12-02,105.0,105.2300033569336,104.56999969482422,104.86000061035156,5737900
2024-12-03,104.30999755859375,105.83999633789062,103.91999816894531,105.7699966430664,4002300
2024-12-04,108.13999938964844,109.87999725341797,107.69999694824219,109.87999725341797,8550000
2024-12-05,109.26000213623047,109.77999877929688,108.45999908447266,108.55000305175781,7697100
2024-12-06,109.37000274658203,110.55000305175781,109.16999816894531,110.05000305175781,6127400
2024-12-09,110.58999633789062,110.83999633789062,107.5,107.7699966430664,9095700
2024-12-10,107.16000366210938,107.91999816894531,105.68000030517578,106.16999816894531,4464400
2024-12-11,107.05000305175781,108.20999908447266,106.58999633789062,107.81999969482422,7791400
2024-12-12,106.94999694824219,107.61000061035156,106.5,106.8499984741211,3366500
2024-12-13,106.94000244140625,107.06999969482422,105.12000274658203,105.7699966430664,4477200
2024-12-16,105.94000244140625,107.11000061035156,105.62000274658203,106.91000366210938,4956800
2024-12-17,106.5199966430664,106.9000015258789,105.61000061035156,105.94000244140625,6660800
2024-12-18,105.91000366210938,105.98999786376953,100.87999725341797,101.18000030517578,8398200
2024-12-19,103.05000305175781,103.4800033569336,101.5199966430664,101.56999969482422,7808100
2024-12-20,100.41999816894531,104.19999694824219,100.04000091552734,103.62000274658203,5981800
2024-12-23,103.37999725341797,103.62999725341797,101.93000030517578,102.91999816894531,3653800
2024-12-24,103.12999725341797,104.13999938964844,103.0999984741211,104.0999984741211,1584200
2024-12-26,103.80000305175781,104.38999938964844,103.2300033569336,103.87000274658203,2311500
2024-12-27,103.26000213623047,103.31999969482422,101.13999938964844,102.27999877929688,7467600
2024-12-30,100.66999816894531,101.66000366210938,99.7300033569336,100.94000244140625,5965900
2024-12-31,101.26000213623047,101.44000244140625,99.66999816894531,100.12000274658203,3587500
2025-01-02,101.26000213623047,101.4800033569336,98.9800033569336,99.91000366210938,4741500
2025-01-03,100.37999725341797,101.58000183105469,99.98999786376953,101.47000122070312,3675000
2025-01-06,102.37000274658203,102.73999786376953,101.0199966430664,101.68000030517578,4211800
2025-01-07,101.62000274658203,101.69999694824219,98.62000274658203,99.19000244140625,6024300
2025-01-08,98.7300033569336,99.56999969482422,98.02999877929688,99.19999694824219,4696700
2025-01-10,97.88999938964844,98.16999816894531,96.70999908447266,97.20999908447266,7773900
2025-01-13,96.02999877929688,96.58999633789062,95.4800033569336,96.36000061035156,5716800
2025-01-14,97.37000274658203,98.06999969482422,96.63999938964844,97.41000366210938,4805000
2025-01-15,99.55000305175781,99.76000213623047,98.80000305175781,99.16999816894531,4785700
2025-01-16,99.79000091552734,100.36000061035156,98.97000122070312,99.3499984741211,2913100
2025-01-17,101.43000030517578,101.43000030517578,100.01000213623047,100.31999969482422,3143900
2025-01-21,101.4800033569336,102.2699966430664,100.31999969482422,101.94999694824219,4261700
2025-01-22,103.7300033569336,104.33999633789062,103.01000213623047,104.11000061035156,5023400
2025-01-23,103.3499984741211,104.36000061035156,103.20999908447266,104.29000091552734,3530800
2025-01-24,104.77999877929688,104.95999908447266,103.56999969482422,103.8499984741211,2380700
2025-01-27,100.8499984741211,103.73999786376953,100.51000213623047,102.12999725341797,10141800
2025-01-28,102.62999725341797,105.56999969482422,101.69000244140625,104.98999786376953,13339900
2025-01-29,104.7300033569336,104.8499984741211,102.80000305175781,103.4800033569336,6310200
2025-01-30,102.48999786376953,103.43000030517578,102.02999877929688,102.76000213623047,5830400
2025-01-31,103.83999633789062,104.41999816894531,102.54000091552734,102.88999938964844,5224500
2025-02-03,100.72000122070312,103.02999877929688,100.18000030517578,102.48999786376953,12185800
2025-02-04,104.11000061035156,104.83000183105469,103.51000213623047,104.30999755859375,8319500
2025-02-05,104.37999725341797,105.04000091552734,103.58000183105469,104.97000122070312,3206000
2025-02-06,105.06999969482422,105.76000213623047,104.4800033569336,105.23999786376953,4742000
2025-02-07,105.9800033569336,106.83000183105469,104.52999877929688,104.62000274658203,5370700
2025-02-10,105.70999908447266,106.7699966430664,105.36000061035156,106.4000015258789,4192800
2025-02-11,105.97000122070312,106.5,104.7699966430664,105.31999969482422,3085800
2025-02-12,103.76000213623047,105.2300033569336,103.5,104.95999908447266,8844100
2025-02-13,106.0,106.75,105.3499984741211,106.66999816894531,4198000
2025-02-14,106.5,106.83999633789062,105.66999816894531,106.76000213623047,3288900
2025-02-18,107.30000305175781,107.86000061035156,106.29000091552734,107.83000183105469,5855500
2025-02-19,107.55999755859375,107.62999725341797,105.56999969482422,105.94000244140625,6146500
2025-02-20,105.25,105.30999755859375,102.48999786376953,104.0,12498300
2025-02-21,104.16999816894531,104.26000213623047,100.30000305175781,100.44999694824219,6026700
2025-02-24,100.80000305175781,100.83000183105469,97.56999969482422,99.19999694824219,9808900
2025-02-25,98.6500015258789,98.75,96.18000030517578,97.58999633789062,11567100
2025-02-26,98.81999969482422,99.94999694824219,98.2699966430664,98.94999694824219,8719000
2025-02-27,99.7699966430664,99.98999786376953,96.27999877929688,96.33000183105469,5174000
2025-02-28,95.79000091552734,97.47000122070312,95.04000091552734,97.47000122070312,4127300
2025-03-03,98.77999877929688,99.18000030517578,95.08999633789062,95.62999725341797,3997900
2025-03-04,94.52999877929688,97.0,92.77999877929688,95.44000244140625,9339000
2025-03-05,95.05000305175781,97.37999725341797,94.58000183105469,97.0999984741211,3655800
2025-03-06,95.27999877929688,96.66000366210938,93.05000305175781,93.44000244140625,5749600
2025-03-07,93.05999755859375,94.30000305175781,90.62000274658203,93.41999816894531,5147400
2025-03-10,91.13999938964844,91.44999694824219,87.81999969482422,88.68000030517578,7519100
2025-03-11,88.23999786376953,90.88999938964844,88.23999786376953,89.54000091552734,10849900
2025-03-12,91.44999694824219,92.23999786376953,90.0,91.33000183105469,6225800
2025-03-13,90.41000366210938,90.44999694824219,87.80999755859375,88.30000305175781,7486500
2025-03-14,89.58999633789062,91.79000091552734,89.38999938964844,91.66000366210938,13943000
2025-03-17,91.69000244140625,93.61000061035156,91.36000061035156,92.87000274658203,7010200
2025-03-18,91.95999908447266,92.25,90.61000061035156,91.51000213623047,3295100
2025-03-19,92.01000213623047,93.88999938964844,91.5999984741211,92.94999694824219,4215900
2025-03-20,91.91999816894531,93.70999908447266,91.91999816894531,92.56999969482422,3785600
2025-03-21,91.33999633789062,93.19999694824219,90.87999725341797,93.11000061035156,5564000
2025-03-24,94.52999877929688,95.5999984741211,94.43000030517578,95.41000366210938,4240200
2025-03-25,95.69999694824219,96.5,95.58000183105469,96.37000274658203,3283100
2025-03-26,96.27999877929688,96.30000305175781,93.61000061035156,94.12999725341797,3987700
2025-03-27,93.41999816894531,93.97000122070312,92.36000061035156,92.5199966430664,3411500
2025-03-28,92.26000213623047,92.26000213623047,89.37000274658203,89.87000274658203,10229600
2025-03-31,88.0,89.2699966430664,86.44999694824219,88.98999786376953,10375700
2025-04-01,88.93000030517578,90.4800033569336,88.08999633789062,90.31999969482422,3615200
2025-04-02,88.62000274658203,92.23999786376953,88.62000274658203,91.5199966430664,3323400
2025-04-03,87.54000091552734,88.41999816894531,85.91999816894531,86.62999725341797,10347200
2025-04-04,83.94999694824219,84.44999694824219,80.9000015258789,81.30000305175781,10325500
2025-04-07,77.5,84.91000366210938,76.68000030517578,81.25,18136900
2025-04-08,84.5,85.19000244140625,78.86000061035156,80.1500015258789,8433200
2025-04-09,79.69999694824219,90.18000030517578,79.55000305175781,89.48999786376953,10182700
2025-04-10,87.37999725341797,87.79000091552734,83.69999694824219,86.48999786376953,6690500
2025-04-11,86.33999633789062,87.44999694824219,84.47000122070312,87.19999694824219,7302000
2025-04-14,89.4800033569336,89.7300033569336,87.01000213623047,87.9800033569336,3592300
2025-04-15,88.11000061035156,89.51000213623047,88.11000061035156,89.08999633789062,5138000
2025-04-16,87.56999969482422,88.80000305175781,85.76000213623047,86.94000244140625,4376800
2025-04-17,87.5,87.54000091552734,86.19999694824219,86.58999633789062,2814800
2025-04-21,85.29000091552734,85.75,82.77999877929688,83.91000366210938,8123400
2025-04-22,85.0,86.86000061035156,84.5,86.16000366210938,3797200
2025-04-23,89.5199966430664,90.94999694824219,88.5199966430664,88.80999755859375,7819500
2025-04-24,90.05000305175781,93.4000015258789,89.87000274658203,93.19999694824219,9264200
2025-04-25,93.1500015258789,94.77999877929688,93.08000183105469,94.76000213623047,7125900
2025-04-28,94.9000015258789,95.41999816894531,93.52999877929688,94.87999725341797,4715700
2025-04-29,94.79000091552734,96.29000091552734,94.68000030517578,96.0999984741211,2914500
2025-04-30,94.0,96.41000366210938,93.44000244140625,96.06999969482422,3513000
2025-05-01,98.16000366210938,98.9000015258789,97.0,97.01000213623047,5903800
2025-05-02,98.69999694824219,99.87000274658203,98.5,99.47000122070312,4452500
2025-05-05,98.6500015258789,100.20999908447266,98.48999786376953,99.37000274658203,3723600
2025-05-06,97.38999938964844,98.69000244140625,96.91999816894531,97.95999908447266,3653700
2025-05-07,98.13999938964844,99.19000244140625,97.5999984741211,98.77999877929688,6146500
2025-05-08,99.63999938964844,101.33000183105469,99.37999725341797,100.41000366210938,4458600
2025-05-09,100.7699966430664,100.7699966430664,99.1500015258789,99.69000244140625,3833800
2025-05-12,102.55000305175781,102.83000183105469,101.37000274658203,102.77999877929688,6929800
2025-05-13,103.11000061035156,105.33999633789062,103.01000213623047,104.7300033569336,3737300
2025-05-14,104.9800033569336,105.61000061035156,104.1500015258789,104.80000305175781,3632000
2025-05-15,104.08999633789062,105.0199966430664,103.72000122070312,104.4000015258789,3914900
2025-05-16,104.62000274658203,105.27999877929688,104.45999908447266,105.16000366210938,5303400
2025-05-19,103.66000366210938,105.30000305175781,103.45999908447266,104.94000244140625,4570700
2025-05-20,104.44000244140625,104.73999786376953,103.83000183105469,104.69000244140625,3387800
2025-05-21,103.38999938964844,104.51000213623047,101.83999633789062,102.16999816894531,8575400
2025-05-22,102.2300033569336,103.66000366210938,102.2300033569336,102.70999908447266,7258200
2025-05-23,101.4800033569336,102.86000061035156,101.19999694824219,101.93000030517578,3956300
2025-05-27,103.37999725341797,103.94000244140625,102.83000183105469,103.80000305175781,4907600
2025-05-28,103.83999633789062,104.37000274658203,102.94000244140625,103.08000183105469,4027400
2025-05-29,104.05000305175781,104.05000305175781,101.55000305175781,102.3499984741211,5120300
2025-05-30,102.45999908447266,103.9000015258789,101.80000305175781,103.6500015258789,4590600
2025-06-02,103.05000305175781,103.9800033569336,102.25,103.94000244140625,3905300
2025-06-03,103.87999725341797,105.0999984741211,103.80000305175781,104.98999786376953,3682400
2025-06-04,104.8499984741211,105.08000183105469,104.04000091552734,104.80000305175781,3413100
2025-06-05,104.91999816894531,106.33999633789062,104.16000366210938,104.66000366210938,4047500
2025-06-06,105.55999755859375,106.18000030517578,105.06999969482422,105.9800033569336,3487000
2025-06-09,106.0,106.58999633789062,105.38999938964844,106.12999725341797,3149100
2025-06-10,106.12000274658203,106.44000244140625,105.08000183105469,105.87999725341797,3721900
2025-06-11,105.81999969482422,106.79000091552734,105.44000244140625,105.79000091552734,3903300
2025-06-12,106.26000213623047,107.66000366210938,106.20999908447266,107.04000091552734,4506600
2025-06-13,105.62999725341797,107.27999877929688,105.52999877929688,106.2699966430664,4113900
2025-06-16,106.63999938964844,107.7300033569336,106.63999938964844,107.4000015258789,2730900
2025-06-17,106.87000274658203,107.69000244140625,106.16000366210938,106.6500015258789,3526300
2025-06-18,106.76000213623047,106.95999908447266,105.52999877929688,106.08999633789062,5105800
2025-06-20,106.5999984741211,106.81999969482422,104.8499984741211,105.11000061035156,4085200
2025-06-23,105.05999755859375,106.43000030517578,104.05000305175781,106.37000274658203,4066800
2025-06-24,107.41000366210938,108.23999786376953,106.87999725341797,108.05000305175781,5926700
2025-06-25,108.47000122070312,109.02999877929688,107.62000274658203,107.7699966430664,3525500
2025-06-26,108.4000015258789,108.83999633789062,107.73999786376953,108.70999908447266,2844700
2025-06-27,109.0999984741211,109.26000213623047,107.63999938964844,107.77999877929688,3904000
2025-06-30,109.37000274658203,109.91000366210938,109.13999938964844,109.5,3101700
2025-07-01,109.20999908447266,109.52999877929688,107.26000213623047,108.23999786376953,5836900
2025-07-02,107.91999816894531,108.87000274658203,107.33000183105469,108.80999755859375,3486400
2025-07-03,109.8499984741211,111.61000061035156,109.83000183105469,111.2699966430664,3130100
2025-07-07,110.86000061035156,111.19999694824219,110.16000366210938,110.70999908447266,3883100
2025-07-08,111.20999908447266,111.48999786376953,110.37999725341797,111.08000183105469,4557500
2025-07-09,111.5,111.58999633789062,110.5199966430664,111.41999816894531,4073500
2025-07-10,111.41999816894531,111.58000183105469,108.91999816894531,109.1500015258789,6052200
2025-07-11,108.5999984741211,108.98999786376953,107.38999938964844,107.4800033569336,3759900
2025-07-14,107.63999938964844,109.25,107.61000061035156,109.05000305175781,5400700
2025-07-15,109.2300033569336,109.69000244140625,108.87999725341797,108.98999786376953,4653000
2025-07-16,109.44999694824219,110.0199966430664,108.19999694824219,109.80999755859375,4267800
2025-07-17,109.95999908447266,111.43000030517578,109.87999725341797,111.30999755859375,3706500
2025-07-18,111.77999877929688,111.80000305175781,110.52999877929688,111.05999755859375,3865100
2025-07-21,111.33000183105469,111.98999786376953,111.05000305175781,111.20999908447266,3524500
2025-07-22,111.19000244140625,111.4000015258789,109.87999725341797,110.9000015258789,4441800
2025-07-23,111.30999755859375,111.87999725341797,110.33000183105469,111.80999755859375,3086500
2025-07-24,112.18000030517578,112.63999938964844,111.68000030517578,112.08999633789062,6031600
2025-07-25,112.0,113.02999877929688,111.95999908447266,112.69000244140625,2808000
2025-07-28,113.2300033569336,113.30999755859375,112.2699966430664,112.87999725341797,3675600
2025-07-29,113.83000183105469,114.83000183105469,112.48999786376953,113.01000213623047,3443500
2025-07-30,112.97000122070312,113.37999725341797,111.93000030517578,112.72000122070312,4062600
2025-07-31,114.13999938964844,114.13999938964844,111.54000091552734,111.66000366210938,5099300
2025-08-01,110.27999877929688,110.27999877929688,108.05999755859375,108.62999725341797,6882700
2025-08-04,109.69000244140625,111.05000305175781,109.55000305175781,110.9800033569336,4878400
2025-08-05,111.98999786376953,112.26000213623047,110.29000091552734,110.55000305175781,3879300
2025-08-06,110.62000274658203,111.8499984741211,110.45999908447266,111.80999755859375,4873600
2025-08-07,112.3499984741211,112.3499984741211,108.20999908447266,109.5999984741211,6852700
2025-08-08,110.12999725341797,110.58999633789062,109.25,109.62999725341797,5465400
2025-08-11,109.30999755859375,110.45999908447266,108.13999938964844,108.37000274658203,6112700
2025-08-12,108.80999755859375,109.83000183105469,107.95999908447266,109.55999755859375,5786200
2025-08-13,110.37999725341797,110.73999786376953,109.08999633789062,109.54000091552734,8647400
2025-08-14,108.88999938964844,109.33000183105469,107.87000274658203,108.33999633789062,12649300
2025-08-15,108.52999877929688,109.44999694824219,107.95999908447266,109.11000061035156,5601400
2025-08-18,108.87999725341797,109.4800033569336,108.41999816894531,109.41000366210938,3770800
2025-08-19,109.58999633789062,109.66000366210938,106.33999633789062,106.58000183105469,7277100
2025-08-20,105.95999908447266,106.61000061035156,104.4800033569336,106.33000183105469,7324500
2025-08-21,105.79000091552734,106.37000274658203,105.19000244140625,105.95999908447266,2062500
2025-08-22,105.5,108.16999816894531,105.2699966430664,107.45999908447266,4831500
2025-08-25,107.18000030517578,107.41999816894531,106.26000213623047,106.69000244140625,2665500
2025-08-26,106.58999633789062,107.0999984741211,106.1500015258789,106.56999969482422,3997900
2025-08-27,107.0,107.6500015258789,106.69999694824219,107.44999694824219,3902100
2025-08-28,107.68000030517578,109.23999786376953,107.55999755859375,109.08999633789062,3945900
2025-08-29,109.18000030517578,109.4000015258789,107.5999984741211,108.0999984741211,5896700
2025-09-02,106.05000305175781,107.31999969482422,105.66999816894531,107.2699966430664,4474800
2025-09-03,107.36000061035156,107.69999694824219,106.58999633789062,107.31999969482422,3316600
2025-09-04,106.51000213623047,106.9800033569336,105.30000305175781,106.83999633789062,10649900
2025-09-05,108.0999984741211,108.68000030517578,106.45999908447266,108.13999938964844,5579100
2025-09-08,109.08999633789062,110.08000183105469,108.88999938964844,110.0199966430664,5750800
2025-09-09,110.29000091552734,110.66000366210938,109.5199966430664,110.5199966430664,4822600
2025-09-10,113.33000183105469,114.12999725341797,111.80000305175781,112.23999786376953,18169300
2025-09-11,112.9800033569336,113.26000213623047,112.08999633789062,112.4000015258789,6414700
2025-09-12,112.69999694824219,112.86000061035156,111.51000213623047,111.66999816894531,4690500
2025-09-15,112.33000183105469,112.94999694824219,112.12999725341797,112.80999755859375,4937300
2025-09-16,113.43000030517578,113.4800033569336,112.36000061035156,112.72000122070312,3199900
2025-09-17,112.77999877929688,113.52999877929688,111.63999938964844,113.22000122070312,4729800
2025-09-18,114.30999755859375,115.80000305175781,114.23999786376953,115.37000274658203,8158500
2025-09-19,115.79000091552734,117.36000061035156,115.72000122070312,117.19000244140625,4535900
2025-09-22,116.56999969482422,117.88999938964844,115.83000183105469,117.79000091552734,4849100
2025-09-23,117.81999969482422,117.98999786376953,116.05999755859375,116.4000015258789,4560200
2025-09-24,116.77999877929688,117.01000213623047,114.66999816894531,115.22000122070312,2475500
2025-09-25,113.80000305175781,114.47000122070312,112.91000366210938,113.9000015258789,3525200
2025-09-26,114.18000030517578,115.1500015258789,113.66000366210938,114.97000122070312,3483600
2025-09-29,115.62000274658203,116.45999908447266,115.58999633789062,115.9800033569336,2788600
2025-09-30,115.95999908447266,116.04000091552734,114.0199966430664,115.01000213623047,3514900
2025-10-01,114.7699966430664,115.48999786376953,114.25,115.06999969482422,3476700
2025-10-02,115.69000244140625,115.9000015258789,115.02999877929688,115.72000122070312,3377300
2025-10-03,115.79000091552734,116.29000091552734,114.51000213623047,114.83000183105469,3534900
2025-10-06,115.72000122070312,117.31999969482422,115.22000122070312,115.62000274658203,5353600
2025-10-07,115.86000061035156,116.0199966430664,113.13999938964844,114.37000274658203,5962100
2025-10-08,114.58999633789062,115.80999755859375,114.58999633789062,115.69000244140625,4220600
2025-10-09,115.55000305175781,115.80999755859375,114.6500015258789,115.66999816894531,2723000
2025-10-10,115.8499984741211,116.43000030517578,112.02999877929688,112.08999633789062,5285800
2025-10-13,113.43000030517578,114.79000091552734,112.87999725341797,114.63999938964844,3941900
2025-10-14,113.08000183105469,114.56999969482422,111.6500015258789,113.58999633789062,3272300
2025-10-15,114.69999694824219,114.80999755859375,112.30999755859375,113.29000091552734,2243100
2025-10-16,114.5199966430664,115.02999877929688,112.20999908447266,112.80000305175781,3690800
2025-10-17,111.8499984741211,113.16999816894531,111.47000122070312,112.68000030517578,2925300
2025-10-20,113.13999938964844,114.16000366210938,112.94999694824219,113.88999938964844,3334100
2025-10-21,113.83000183105469,115.41000366210938,113.29000091552734,115.01000213623047,3546000
2025-10-22,114.93000030517578,114.94999694824219,112.5999984741211,113.51000213623047,3127900
2025-10-23,113.30999755859375,114.87000274658203,113.30999755859375,114.79000091552734,1860900
2025-10-24,116.04000091552734,116.7699966430664,115.76000213623047,116.0,2045100
2025-10-27,117.75,117.75,116.7699966430664,117.08000183105469,2454800
2025-10-28,117.44000244140625,117.76000213623047,116.6500015258789,116.72000122070312,2247900
2025-10-29,116.1500015258789,116.22000122070312,114.5,115.22000122070312,5760200
2025-10-30,114.16999816894531,115.73999786376953,113.75,113.97000122070312,4082700
2025-10-31,114.66000366210938,115.8499984741211,114.5,115.51000213623047,3249000
2025-11-03,116.04000091552734,116.31999969482422,113.95999908447266,115.69999694824219,3228500
2025-11-04,113.4000015258789,113.94000244140625,111.61000061035156,112.0,3630800
2025-11-05,111.91999816894531,112.16000366210938,111.08000183105469,111.75,6207600
2025-11-06,111.5,111.58999633789062,108.5,109.30999755859375,7338400
2025-11-07,108.0199966430664,109.54000091552734,106.87999725341797,109.4800033569336,7537900
2025-11-10,110.69999694824219,111.94000244140625,110.37000274658203,111.77999877929688,6825300
2025-11-11,111.02999877929688,111.4800033569336,110.29000091552734,111.02999877929688,6646700
2025-11-12,111.5,111.52999877929688,109.25,109.8499984741211,5185200
2025-11-13,109.11000061035156,109.23999786376953,106.5199966430664,106.83999633789062,6434000
2025-11-14,105.16000366210938,108.56999969482422,104.75,107.44000244140625,6437900
2025-11-17,106.83999633789062,107.43000030517578,104.70999908447266,105.48999786376953,4256500
2025-11-18,104.56999969482422,105.44999694824219,103.47000122070312,104.41000366210938,7837700
2025-11-19,104.2300033569336,105.19999694824219,103.23999786376953,103.88999938964844,4603600
2025-11-20,105.45999908447266,105.9800033569336,100.63999938964844,100.80000305175781,10513400
2025-11-21,100.80999755859375,101.98999786376953,98.69999694824219,100.91999816894531,8921400
2025-11-24,101.4000015258789,102.56999969482422,100.80000305175781,102.2300033569336,5769300
2025-11-25,101.52999877929688,103.41999816894531,100.63999938964844,103.19000244140625,4399900
2025-11-26,103.97000122070312,103.97000122070312,102.38999938964844,102.97000122070312,4301900
2025-11-28,103.25,104.16999816894531,103.20999908447266,104.08999633789062,2751100
2025-12-01,103.05999755859375,104.55999755859375,102.58999633789062,104.06999969482422,3903800
2025-12-02,104.91999816894531,106.0199966430664,104.77999877929688,105.22000122070312,4386800
2025-12-03,104.56999969482422,106.7300033569336,104.12000274658203,106.68000030517578,3927300
2025-12-04,107.31999969482422,108.05000305175781,106.6500015258789,107.94999694824219,4835000
2025-12-05,108.38999938964844,109.86000061035156,108.29000091552734,109.45999908447266,4144200
2025-12-08,109.95999908447266,110.33000183105469,108.93000030517578,109.4000015258789,7700100
2025-12-09,109.0,110.37000274658203,109.0,109.94999694824219,3291300
2025-12-10,109.72000122070312,110.8499984741211,109.19999694824219,110.08000183105469,7544600
2025-12-11,108.55000305175781,110.33000183105469,108.37000274658203,109.77999877929688,8112800
2025-12-12,109.55999755859375,109.68000030517578,107.38999938964844,107.97000122070312,6165500
2025-12-15,107.6500015258789,107.83000183105469,105.3499984741211,105.38999938964844,5911800
2025-12-16,104.95999908447266,106.5,104.94000244140625,106.30999755859375,5923600
2025-12-17,106.33999633789062,107.11000061035156,104.66999816894531,104.69999694824219,3623000
2025-12-18,105.86000061035156,106.87000274658203,105.63999938964844,106.18000030517578,3676400
2025-12-19,106.94999694824219,108.04000091552734,106.75,107.76000213623047,3551100
2025-12-22,108.3499984741211,109.19000244140625,108.19000244140625,108.94999694824219,2801800
2025-12-23,108.4800033569336,108.77999877929688,107.33000183105469,108.06999969482422,2428800
2025-12-24,107.93000030517578,108.31999969482422,107.66000366210938,108.2300033569336,766700
2025-12-26,108.0999984741211,108.47000122070312,107.7300033569336,108.0999984741211,1213000
2025-12-29,107.30999755859375,108.16999816894531,107.05000305175781,107.38999938964844,1665200
2025-12-30,107.22000122070312,107.70999908447266,106.91999816894531,106.98999786376953,1573200
2025-12-31,107.08000183105469,107.08000183105469,105.66000366210938,105.69000244140625,1921500
2026-01-02,106.48999786376953,106.48999786376953,101.93000030517578,102.62000274658203,6019800
2026-01-05,103.47000122070312,104.58999633789062,102.98999786376953,103.62999725341797,4848500
2026-01-06,103.55000305175781,104.95999908447266,103.33999633789062,104.91999816894531,3910200
2026-01-07,105.0,107.30000305175781,105.0,106.23999786376953,3216300
2026-01-08,105.62999725341797,105.69999694824219,104.25,104.44000244140625,3038000
2026-01-09,104.45999908447266,105.27999877929688,103.52999877929688,105.0,3407400
2026-01-12,104.41000366210938,105.61000061035156,104.19999694824219,105.3499984741211,3232700
2026-01-13,104.97000122070312,105.45999908447266,102.94000244140625,103.3499984741211,7434700
2026-01-14,102.91999816894531,103.0999984741211,100.08999633789062,101.06999969482422,7742400
2026-01-15,101.5,101.66000366210938,99.47000122070312,99.77999877929688,9024200
2026-01-16,100.0,100.08999633789062,98.08999633789062,98.30999755859375,7824500
2026-01-20,96.30000305175781,97.2699966430664,95.80000305175781,95.93000030517578,10577900
2026-01-21,96.08999633789062,96.4000015258789,94.2300033569336,95.4000015258789,9514000
2026-01-22,96.41999816894531,96.95999908447266,95.80999755859375,96.94000244140625,7214700
2026-01-23,96.88999938964844,98.55999755859375,96.77999877929688,97.70999908447266,9745900
2026-01-26,98.0,99.33999633789062,97.81999969482422,98.80999755859375,8478800
2026-01-27,99.08000183105469,99.27999877929688,97.41999816894531,97.76000213623047,9684400
2026-01-28,98.0999984741211,98.94999694824219,96.94000244140625,97.05999755859375,9073800
2026-01-29,94.48999786376953,94.48999786376953,90.6500015258789,92.2699966430664,23323000
2026-01-30,91.94000244140625,92.1500015258789,89.7300033569336,90.30999755859375,14835600
2026-02-02,91.13999938964844,91.36000061035156,89.29000091552734,89.5199966430664,9660700
2026-02-03,89.37000274658203,89.37000274658203,84.30000305175781,85.38999938964844,26636300
2026-02-04,84.05000305175781,84.77999877929688,81.52999877929688,83.83999633789062,45280300
2026-02-05,83.04000091552734,83.93000030517578,79.2699966430664,79.66999816894531,44959000
2026-02-06,81.56999969482422,82.52999877929688,80.20999908447266,82.45999908447266,38552200
2026-02-09,82.5999984741211,85.44000244140625,81.77999877929688,85.05999755859375,29011400
2026-02-10,85.70999908447266,87.08000183105469,85.27999877929688,85.41000366210938,26404800
2026-02-11,85.33999633789062,85.54000091552734,81.93000030517578,83.2300033569336,34726300
2026-02-12,82.91000366210938,83.16999816894531,79.70999908447266,80.95999908447266,30633500
2026-02-13,81.5199966430664,83.4000015258789,80.94000244140625,82.7699966430664,27101100
2026-02-17,82.11000061035156,82.48999786376953,79.91000366210938,80.95999908447266,21446600
2026-02-18,80.97000122070312,82.69999694824219,80.11000061035156,82.0,19962600
2026-02-19,81.83000183105469,82.2300033569336,80.98999786376953,81.77999877929688,12386300
2026-02-20,81.18000030517578,83.01000213623047,80.4000015258789,80.77999877929688,21967400
2026-02-23,79.48999786376953,79.48999786376953,76.43000030517578,76.94000244140625,44121400
2026-02-24,76.9000015258789,79.13999938964844,76.26000213623047,78.41000366210938,50584600
2026-02-25,78.66000366210938,80.87000274658203,78.26000213623047,80.8499984741211,36737000
2026-02-26,81.44000244140625,83.05999755859375,81.12999725341797,82.5999984741211,44117900
2026-02-27,80.30000305175781,81.62999725341797,80.0,81.56999969482422,25153400
2026-03-02,80.72000122070312,83.29000091552734,80.51000213623047,82.7699966430664,33334800
2026-03-03,81.08999633789062,84.66999816894531,80.88999938964844,84.12000274658203,44914800
2026-03-04,84.16999816894531,86.20999908447266,84.08000183105469,85.6500015258789,32063200
2026-03-05,85.6500015258789,88.3499984741211,85.58999633789062,87.62000274658203,42023300
2026-03-06,86.93000030517578,88.58000183105469,86.47000122070312,87.97000122070312,29347000
2026-03-09,87.05000305175781,88.12999725341797,86.33999633789062,87.70999908447266,31948900
2026-03-10,87.79000091552734,88.0,84.91999816894531,85.6500015258789,35674100
2026-03-11,86.56999969482422,87.72000122070312,84.79000091552734,85.73999786376953,26081700
2026-03-12,85.58999633789062,86.94000244140625,84.97000122070312,84.98999786376953,32457600
2026-03-13,84.94999694824219,85.87000274658203,83.62000274658203,84.19000244140625,19114100
2026-03-16,84.94000244140625,85.37999725341797,84.52999877929688,84.94999694824219,13689700
2026-03-17,84.98999786376953,87.08999633789062,84.86000061035156,85.52999877929688,13394400
2026-03-18,84.73999786376953,85.93000030517578,84.33000183105469,84.33999633789062,11633700
2026-03-19,83.88999938964844,85.4000015258789,83.61000061035156,84.45999908447266,20521900
2026-03-20,83.83999633789062,83.83999633789062,82.30999755859375,82.98999786376953,18578300
2026-03-23,83.8499984741211,85.31999969482422,83.55000305175781,84.44000244140625,18036600
2026-03-24,83.87999725341797,83.94999694824219,80.66999816894531,80.81999969482422,26148100
2026-03-25,82.08000183105469,82.55000305175781,79.94000244140625,80.4000015258789,28215700
2026-03-26,79.54000091552734,81.23999786376953,79.31999969482422,79.75,20723300
2026-03-27,78.44000244140625,78.66999816894531,76.61000061035156,76.88999938964844,17244300
2026-03-30,77.73999786376953,78.98999786376953,76.9800033569336,77.62000274658203,23523200
2026-03-31,78.4800033569336,80.25,77.9000015258789,80.05000305175781,25627900
2026-04-01,80.75,80.83000183105469,78.66999816894531,79.7699966430664,19061900
2026-04-02,78.94000244140625,80.70999908447266,77.91999816894531,80.33999633789062,19202000
2026-04-06,80.41999816894531,80.93000030517578,79.76000213623047,80.45999908447266,6841100
2026-04-07,79.83000183105469,80.6500015258789,78.86000061035156,80.5,10652600
2026-04-08,83.13999938964844,83.69000244140625,79.27999877929688,79.75,27044100
2026-04-09,79.1500015258789,79.29000091552734,75.8499984741211,76.63999938964844,38649200
2026-04-10,76.5,76.5,73.93000030517578,74.66999816894531,49422500
2026-04-13,75.05000305175781,78.7300033569336,74.8499984741211,78.69999694824219,37739600
2026-04-14,80.12000274658203,81.23999786376953,78.87999725341797,79.4800033569336,28354200
2026-04-15,80.68000030517578,83.25,80.12999725341797,82.9800033569336,29219500
2026-04-16,85.12999725341797,85.33000183105469,83.26000213623047,84.36000061035156,34648100
2026-04-17,86.2300033569336,86.5199966430664,84.76000213623047,85.08000183105469,28710000
2026-04-20,85.02999877929688,86.3499984741211,84.5,86.30000305175781,15906400
2026-04-21,86.76000213623047,88.8499984741211,85.87000274658203,86.68000030517578,29962800
2026-04-22,87.87000274658203,89.04000091552734,87.4800033569336,88.73999786376953,23478300
2026-04-23,85.43000030517578,85.56999969482422,82.31999969482422,83.56999969482422,49153500
2026-04-24,84.36000061035156,85.4000015258789,83.41999816894531,85.19999694824219,21746900
2026-04-27,84.72000122070312,86.0999984741211,84.12000274658203,85.43000030517578,17131500
2026-04-28,85.23999786376953,86.0199966430664,84.55999755859375,85.0,18507400
2026-04-29,84.48999786376953,84.55000305175781,83.26000213623047,84.5,11182900
2026-04-30,83.9000015258789,84.11000061035156,82.18000030517578,83.91000366210938,26292700
2026-05-01,86.12000274658203,87.04000091552734,84.87000274658203,86.62999725341797,23314400
2026-05-04,87.2300033569336,89.36000061035156,87.0199966430664,88.44000244140625,18374400
2026-05-05,88.58999633789062,88.83000183105469,87.0999984741211,88.2699966430664,18348900
2026-05-06,88.2699966430664,88.41999816894531,86.33000183105469,87.81999969482422,23584700
2026-05-07,90.01000213623047,91.9800033569336,89.91999816894531,90.8499984741211,29902800
2026-05-08,89.83000183105469,91.1500015258789,88.27999877929688,91.1500015258789,17106600
2026-05-11,90.0999984741211,90.79000091552734,89.80999755859375,90.69000244140625,13442600
2026-05-12,90.69999694824219,90.87000274658203,88.76000213623047,89.44000244140625,25300700
2026-05-13,88.81999969482422,89.0199966430664,87.5,88.5999984741211,17058900
2026-05-14,88.69999694824219,91.08000183105469,87.66000366210938,90.63999938964844,17069900
2026-05-15,90.36000061035156,92.70999908447266,89.9000015258789,91.77999877929688,28612300
2026-05-18,91.05999755859375,93.29000091552734,90.7300033569336,92.87000274658203,31004700
2026-05-19,93.80999755859375,94.77999877929688,91.8499984741211,91.94999694824219,26334000
2026-05-20,90.93000030517578,93.31999969482422,90.04000091552734,93.31999969482422,18689500
2026-05-21,92.12000274658203,92.97000122070312,91.58000183105469,92.4800033569336,12795500
2026-05-22,93.19999694824219,94.91999816894531,93.12999725341797,94.01000213623047,11681300
2026-05-26,93.97000122070312,94.87000274658203,93.01000213623047,94.05000305175781,18696000
2026-05-27,92.56999969482422,94.33000183105469,92.2699966430664,93.05000305175781,13180000
2026-05-28,93.4000015258789,96.13999938964844,92.95999908447266,95.68000030517578,17442600
2026-05-29,96.88999938964844,101.69000244140625,96.52999877929688,101.66000366210938,37721000
2026-06-01,104.0199966430664,108.05999755859375,102.94999694824219,107.69999694824219,40104400
2026-06-02,104.56999969482422,105.7699966430664,102.95999908447266,104.7300033569336,24586000
2026-06-03,103.33000183105469,103.5,99.93000030517578,100.19999694824219,24946400
2026-06-04,100.05000305175781,101.26000213623047,99.05999755859375,100.05999755859375,17144700
2026-06-05,99.41000366210938,100.0,95.08000183105469,95.8499984741211,19514000
2026-06-08,96.04000091552734,96.62000274658203,95.05000305175781,95.6500015258789,12374800
2026-06-09,95.06999969482422,96.4000015258789,90.33999633789062,92.94999694824219,25503700
2026-06-10,91.22000122070312,93.83999633789062,91.06999969482422,91.58000183105469,12974500
2026-06-11,90.0,91.33000183105469,88.94999694824219,90.91999816894531,20571500
2026-06-12,90.62999725341797,91.19999694824219,88.95999908447266,90.69999694824219,14992900
2026-06-15,92.18000030517578,93.62999725341797,91.5999984741211,92.68000030517578,13410300
2026-06-16,92.27999877929688,92.9800033569336,90.87000274658203,91.37000274658203,11964900
2026-06-17,90.83999633789062,92.11000061035156,89.02999877929688,89.16000366210938,19569600
2026-06-18,89.55999755859375,89.55999755859375,87.30000305175781,89.08999633789062,24331300
2026-06-22,88.18000030517578,90.61000061035156,86.62000274658203,87.30999755859375,23332400
2026-06-23,87.4800033569336,88.30000305175781,87.16000366210938,87.31999969482422,15950800
2026-06-24,86.76000213623047,88.11000061035156,86.11000061035156,86.16999816894531,19229300
2026-06-25,85.75,86.06999969482422,84.29000091552734,84.76000213623047,14970300
2026-06-26,85.1500015258789,88.41999816894531,85.08999633789062,88.19999694824219,19832900
2026-06-29,89.83999633789062,91.19999694824219,89.38999938964844,89.88999938964844,18377100
2026-06-30,89.08999633789062,90.79000091552734,88.80999755859375,90.5999984741211,17842500
2026-07-01,92.4000015258789,94.63999938964844,91.8499984741211,93.33999633789062,26990000
2026-07-02,93.37000274658203,94.97000122070312,93.19999694824219,93.56999969482422,24892500
2026-07-06,92.37000274658203,95.36000061035156,92.16999816894531,94.79000091552734,18295400
2026-07-07,95.83999633789062,96.19999694824219,93.5999984741211,94.12999725341797,10710800
2026-07-08,92.88999938964844,93.19999694824219,91.19999694824219,92.4800033569336,11698500
2026-07-09,90.69999694824219,94.04000091552734,90.3499984741211,93.87999725341797,13605500
2026-07-10,94.97000122070312,95.22000122070312,92.13999938964844,92.41000366210938,10399400
2026-07-13,92.55000305175781,93.55999755859375,91.48999786376953,92.69999694824219,6795400
2026-07-14,90.37000274658203,94.31999969482422,90.2300033569336,93.62999725341797,17202800
2026-07-15,94.66000366210938,95.58000183105469,93.70999908447266,93.94000244140625,9173300
2026-07-16,94.16999816894531,94.44000244140625,92.0999984741211,93.69999694824219,8071900
2026-07-17,91.73999786376953,93.7699966430664,91.70999908447266,92.80000305175781,10121100
2026-07-20,92.19000244140625,94.2300033569336,92.01000213623047,92.9800033569336,11822000
2026-07-21,91.9800033569336,93.11000061035156,91.44000244140625,91.81999969482422,9746600
2026-07-22,91.81999969482422,91.8499984741211,88.7300033569336,89.0199966430664,15887200
2026-07-23,89.62999725341797,89.80999755859375,86.77999877929688,87.0999984741211,13723600
2026-07-24,88.29000091552734,88.70999908447266,87.27999877929688,87.9800033569336,14461400
2026-07-27,89.91000366210938,91.86000061035156,89.58999633789062,90.91000366210938,26170300
2026-07-28,90.97000122070312,92.7300033569336,89.62999725341797,91.77999877929688,24515300
2026-07-29,91.83999633789062,94.2699966430664,91.80000305175781,92.37000274658203,13726400
2026-07-30,92.45999908447266,93.4800033569336,91.70999908447266,93.30999755859375,18432600
2026-07-31,93.25,94.75,92.25,94.58000183105469,11006000
2026-08-03,96.75,97.8499984741211,96.13999938964844,97.41999816894531,13356900
2026-08-04,98.18000030517578,102.37999725341797,98.13999938964844,102.0,12306800
2026-08-05,103.3499984741211,103.72000122070312,101.20999908447266,101.30999755859375,9771500
2026-08-06,97.61000061035156,99.62000274658203,97.61000061035156,99.41999816894531,16800700
2026-08-07,101.66000366210938,103.01000213623047,101.29000091552734,102.69000244140625,8175300
2026-08-10,102.20999908447266,105.4800033569336,102.1500015258789,105.01000213623047,9120500
2026-08-11,104.4000015258789,104.87000274658203,103.16999816894531,103.91999816894531,8259500
2026-08-12,103.06999969482422,104.1500015258789,102.41999816894531,103.08000183105469,16041000
2026-08-13,103.7300033569336,106.58000183105469,103.33999633789062,106.27999877929688,25265200
2026-08-14,106.47000122070312,106.75,104.06999969482422,104.08000183105469,9198200
2026-08-17,103.25,104.0999984741211,101.83999633789062,101.98999786376953,13169700
2026-08-18,102.0,103.0999984741211,101.62000274658203,101.95999908447266,8370500
2026-08-19,102.12000274658203,103.51000213623047,101.2300033569336,102.80999755859375,7195600
2026-08-20,102.5,103.01000213623047,101.7699966430664,101.91000366210938,6636300
2026-08-21,102.5,103.75,101.30000305175781,103.37000274658203,9539500
2026-08-24,102.80000305175781,103.25,102.0,102.44999694824219,6221600
2026-08-25,102.20999908447266,103.33999633789062,101.31999969482422,101.8499984741211,8493200
2026-08-26,99.80999755859375,102.77999877929688,99.72000122070312,102.38999938964844,7225500
2026-08-27,105.69000244140625,110.41000366210938,105.44999694824219,110.31999969482422,24499300
2026-08-28,109.80999755859375,110.48999786376953,108.2300033569336,109.5,15558000
2026-08-31,108.70999908447266,110.56999969482422,108.56999969482422,109.9800033569336,8787400
2026-09-01,108.0999984741211,108.7300033569336,105.86000061035156,106.18000030517578,12775900
2026-09-02,105.2699966430664,105.30999755859375,102.5999984741211,103.41999816894531,12271000
2026-09-03,105.20999908447266,107.41000366210938,105.05000305175781,106.94999694824219,9971600
2026-09-04,105.9000015258789,106.22000122070312,104.36000061035156,104.56999969482422,12209900
2026-09-08,103.75,103.75,102.08000183105469,102.66000366210938,12890300
2026-09-09,102.79000091552734,103.0,101.76000213623047,101.83000183105469,8247500
2026-09-10,100.8499984741211,102.72000122070312,100.58999633789062,101.19999694824219,7532500
2026-09-11,101.9000015258789,102.77999877929688,101.12999725341797,101.5199966430664,5435700
2026-09-14,103.56999969482422,107.04000091552734,102.98999786376953,106.63999938964844,13170900
2026-09-15,105.22000122070312,107.02999877929688,104.97000122070312,105.55000305175781,11346700
2026-09-16,104.37000274658203,105.94000244140625,104.0999984741211,104.95999908447266,7604700
2026-09-17,105.08000183105469,106.51000213623047,104.08000183105469,105.77999877929688,6139500
2026-09-18,106.4000015258789,106.4000015258789,103.4800033569336,104.3499984741211,6989200
2026-09-21,105.0199966430664,107.1500015258789,104.62000274658203,107.12999725341797,8777900
2026-09-22,108.29000091552734,108.44000244140625,105.80999755859375,106.75,8136900
2026-09-23,107.05999755859375,108.33000183105469,106.48999786376953,108.0999984741211,6868500
2026-09-24,107.4800033569336,108.02999877929688,106.45999908447266,107.1500015258789,6430600
2026-09-25,107.5,107.80999755859375,105.86000061035156,106.01000213623047,7272900
2026-09-28,103.7300033569336,106.05000305175781,103.56999969482422,105.43000030517578,8458400
2026-09-29,104.81999969482422,105.54000091552734,103.76000213623047,105.22000122070312,7124100
