Ticker,Company,ISIN,ICB Sector
A2A.MI,A2A,IT0001233417,Utilities
AMP.MI,Amplifon,IT0004056880,Health Care
AVIO.MI,Avio,IT0005119810,Aerospace
AZM.MI,Azimut,IT0003261697,Financial Services
BMED.MI,Banca Mediolanum,IT0004776628,Financial Services
BMPS.MI,Banca Monte dei Paschi di Siena,IT0005508921,Banks
BAMI.MI,Banco BPM,IT0005218380,Banks
BPE.MI,BPER Banca,IT0000066123,Banks
BC.MI,Brunello Cucinelli,IT0004764699,Consumer Products and Services
BZU.MI,Buzzi,IT0001347308,Construction and Materials
CPR.MI,Campari,IT0003849244,"Food, Beverage and Tobacco"
DIA.MI,Diasorin,IT0003492391,Health Care
ENEL.MI,Enel,IT0003128367,Utilities
ENI.MI,Eni,IT0003132476,Energy
RACE.MI,Ferrari,NL0011509302,Automobiles and Parts
FCT.MI,Fincantieri,IT0005599938,Shipbuilding
FBK.MI,FinecoBank,IT0000072170,Banks
G.MI,Generali,IT0000062072,Insurance
HER.MI,Hera,IT0001250932,Utilities
ISP.MI,Intesa Sanpaolo,IT0000072618,Banks
INW.MI,INWIT,IT0005090300,Telecommunications
IG.MI,Italgas,IT0005211237,Utilities
IVG.MI,Iveco,NL0015000LU4,Industrial Goods and Services
LDO.MI,Leonardo,IT0003856405,Industrial Goods and Services
LTMC.MI,Lottomatica Group,IT0005541336,Gambling
MB.MI,Mediobanca,IT0000062957,Banks
MONC.MI,Moncler,IT0004965148,Consumer Products and Services
NEXI.MI,Nexi,IT0005366767,Industrial Goods and Services
PST.MI,Poste italiane,IT0003796171,Financial Services
PRY.MI,Prysmian,IT0004176001,Industrial Goods and Services
REC.MI,Recordati,IT0003828271,Health Care
SPM.MI,Saipem,IT0000068525,Energy
SRG.MI,Snam,IT0003153415,Energy
STLAM.MI,Stellantis,NL00150001Q9,Automobiles and Parts
STMMI.MI,STMicroelectronics,NL0000226223,Technology
TIT.MI,Telecom Italia,IT0003497168,Telecommunications
TEN.MI,Tenaris,LU0156801721,Energy
TRN.MI,Terna,IT0003242622,Utilities
UCG.MI,UniCredit,IT0004781412,Banks
UNI.MI,Unipol,IT0004810054,Insurance
