Company,Ticker,FTSE industry classification benchmark sector[39]
3i,III,Financial services
Aberdeen Group,ABDN,Financial Services
Admiral Group,ADM,Insurance
Airtel Africa,AAF,Telecommunications services
Alliance Witan,ALW,Investment Trusts
Anglo American plc,AAL,Mining
Antofagasta plc,ANTO,Mining
Associated British Foods,ABF,Food & tobacco
AstraZeneca,AZN,Pharmaceuticals & biotechnology
Autotrader Group,AUTO,Media
Aviva,AV,Life insurance
Babcock International,BAB,Aerospace & defence
BAE Systems,BA,Aerospace & defence
Barclays,BARC,Banks
Barratt Redrow,BTRW,Household goods & home construction
Beazley,BEZ,Insurance
BP,BP,Oil & gas producers
British American Tobacco,BATS,Tobacco
British Land,BLND,Real estate
BT Group,BT.A,Telecommunications services
Bunzl,BNZL,Support services
Burberry Group,BRBY,Personal goods
Centrica,CNA,Multiline utilities
Coca-Cola Europacific Partners,CCEP,Beverages
Coca-Cola HBC,CCH,Beverages
Compass Group,CPG,Support services
Computacenter,CCC,Software & Computer Services
Convatec,CTEC,Health care equipment & supplies
Croda International,CRDA,Chemicals
DCC Energy,DCC,Support services
Diageo,DGE,Beverages
Diploma,DPLM,Industrial Support services
EasyJet,EZJ,Travel and Leisure
Endeavour Mining,EDV,Mining
Experian,EXPN,Support services
F & C Investment Trust,FCIT,Collective investments
Fresnillo plc,FRES,Mining
Games Workshop,GAW,Leisure Goods
Glencore,GLEN,Mining
GSK plc,GSK,Pharmaceuticals & biotechnology
Haleon,HLN,Pharmaceuticals & biotechnology
Halma plc,HLMA,Electronic equipment & parts
Hiscox,HSX,Non-life Insurance
Howdens Joinery,HWDN,Homebuilding & construction supplies
HSBC,HSBA,Banks
ICG,ICG,Financial services
IG Group,IGG,Financial services
IHG Hotels & Resorts,IHG,Travel & leisure
IMI,IMI,Industrial engineering
Imperial Brands,IMB,Tobacco
Informa,INF,Media
International Airlines Group,IAG,Travel & leisure
Intertek,ITRK,Support services
Investec,INVP,Financial Services
Ithaca Energy,ITH,Oil & Gas Producers
JD Sports,JD,General retailers
Lion Finance Group,BGEO,Banking Services
Kingfisher plc,KGF,Retailers
Land Securities,LAND,Real estate investment trusts
Legal & General,LGEN,Life insurance
Lloyds Banking Group,LLOY,Banks
LondonMetric Property,LMP,Real Estate Investment Trusts
London Stock Exchange Group,LSEG,Financial services
M&G,MNG,Financial services
Marks & Spencer,MKS,Food & drug retailing
Melrose Industries,MRO,Aerospace & defence
Metlen Energy & Metals,MTLN,Multiline utilities
National Grid plc,NG,Multiline utilities
NatWest Group,NWG,Banks
Next plc,NXT,General retailers
Pearson plc,PSON,Media
Pershing Square Holdings,PSH,Financial services
Polar Capital Technology Trust,PCT,Investment trusts
Prudential plc,PRU,Life insurance
Reckitt,RKT,Household goods & home construction
RELX,REL,Media
Rentokil Initial,RTO,Support services
Rio Tinto,RIO,Mining
Rolls-Royce Holdings,RR,Aerospace & defence
Sage Group,SGE,Software & computer services
Sainsbury's,SBRY,Food & drug retailing
Schroders,SDR,Financial services
Scottish Mortgage Investment Trust,SMT,Collective investments
Segro,SGRO,Real estate investment trusts
Severn Trent,SVT,Multiline utilities
Shell plc,SHEL,Oil & gas producers
Smiths Group,SMIN,General industrials
Smith & Nephew,SN,Health care equipment & supplies
Spirax Group,SPX,Industrial engineering
SSE plc,SSE,Electrical utilities & independent power producers
Standard Chartered,STAN,Banks
Standard Life,SDLF,Life insurance
St. James's Place,STJ,Financial services
Tesco,TSCO,Food & drug retailing
Tritax Big Box REIT,BBOX,Real Estate Investment Trusts
Unilever,ULVR,Personal goods
United Utilities,UU,Multiline utilities
Vodafone Group,VOD,Mobile telecommunications
Weir,WEIR,Industrial goods and services
Whitbread,WTB,Retail hospitality
