Rank,Name,Sector,Ticker,Canton,Weighting in %
1.0,Novartis International AG,Health care,NOVN,Basel,17[1]
2.0,Roche Holding AG,Health care,ROP,Basel,17[1]
3.0,Nestlé SA,Retail staples,NESN,Vaud,15[1]
4.0,ABB Ltd,Industrials,ABBN,Zurich,9[1]
5.0,UBS Group AG,Financials,UBSG,Zurich/Basel,8[1]
6.0,Compagnie Financière Richemont SA,Retail discretionary,CFR,Geneva,7[1]
7.0,Zurich Insurance Group AG,Financials,ZURN,Zurich,6[1]
8.0,Holcim Limited,Materials,HOLN,St. Gallen,3[1]
9.0,Swiss Reinsurance Company Ltd,Financials,SREN,Zurich,3[1]
10.0,Lonza Group AG,Materials,LONN,Basel,3[1]
11.0,Sandoz,Healthcare,SDZ,Basel,
12.0,Givaudan SA,Materials,GIVN,Geneva,3
13.0,Alcon Inc,Health care,ALC,Fribourg,3
14.0,Sika AG,Materials,SIKA,Zug,3
15.0,Amrize AG,Materials,AMRZ,Zug,3
16.0,Swiss Life Holding AG,Financials,SLHN,Zurich,1
17.0,Galderma,Healthcare,GALD,Zug,
18.0,Geberit AG,Industrials,GEBN,St. Gallen,2
19.0,Partners Group Holding AG,Financials,PGHN,Zug,2
20.0,Logitech International SA,Information technology,LOGN,Vaud,1
,,,,,
