swap_ticker,index_id,note
SPTR,sp500tr,S&P 500 Total Return - טיקר בלומברג ישיר
SPXTR,sp500tr,S&P 500 Total Return - וריאנט
SPXEWTR,sp500tr,S&P 500 TR - וריאנט (שווה-משקל בפועל שונה מעט, פרוקסי)
SPXXTSUT,sp500tr,S&P 500 TR - וריאנט
XNDX,nasdaq100,Nasdaq-100 - חזרה למדד מחיר (^NDX): CNDX.L (ETF) נפסל - מחיר ETF (~1755) הוא בקנה מידה שרירותי שונה לגמרי מרמת המדד (~25000), לא ניתן להציב בנוסחת יחידות×מחיר בלי המרה שאין לה מקור אמין. אין טיקר TR באותו קנה-מידה שנמצא ל-Nasdaq-100 (בניגוד ל-Russell 2000)
NDUEEGF,,MSCI Emerging Markets (NDUEEGF Index) - פרוקסי היחיד שנמצא הוא ETF (EEM) שנפסל: מחיר יחידה (~$40) בקנה-מידה שרירותי שונה לגמרי מרמת מדד MSCI (~1000+) - אין טיקר INDEX חינמי חלופי
NDUEACWF,,MSCI ACWI (NDUEACWF Index) - אותה בעיה: הפרוקסי היחיד שנמצא הוא ETF (ACWI), נפסל מאותה סיבה
M1EF,,MSCI Emerging Markets (M1EF Index) - אותה בעיה כמו NDUEEGF
MSCI EMERGING NET TRN,,שם מלא קריא - MSCI EM, אותה בעיה כמו NDUEEGF
MSCI WORLD GROSS,,שם מלא קריא - MSCI World, אין טיקר INDEX חינמי (רק ETF-ים שנפסלו)
TPXDDVD,,TOPIX Total Return (דיבידנד מותאם) - פרוקסי ETF שנבדק (1306.T) נפסל: מחיר יחידה (~430) בקנה-מידה שרירותי שונה לגמרי מרמת מדד TOPIX (~2500-2900) - אין טיקר TOPIX ברמת-מדד חינמי שנמצא
NKYTR,nikkei225,Nikkei 225 Total Return - פרוקסי מחיר
HSI,hangseng,Hang Seng Index
HSI1,hangseng,Hang Seng Index - וריאנט
DAX,dax,DAX - טיקר ישיר
DEUTSCHE BOERSE AG GERMAN STOC,dax,שם מלא קריא - DAX
SX5T,stoxx50,EURO STOXX 50 - חזרה למדד מחיר (^STOXX50E): C50.PA (ETF) נפסל - אותה בעיית קנה-מידה כמו Nasdaq-100 (מחיר ETF לא באותו קנה מידה של רמת המדד). אין טיקר TR באותו קנה-מידה שנמצא
FTSEMIBN,ftsemib,FTSE MIB Net Total Return - פרוקסי מחיר (FTSEMIB.MI)
RU20INTR,russell2000_tr,Russell 2000 Total Return - טיקר TR ישיר ב-Yahoo (^RUTTR) - התאמה מדויקת, לא פרוקסי
RUN20INTR,russell2000_tr,Russell 2000 Total Return - וריאנט, אותו טיקר TR ישיר
CSIN0301,csi300,CSI 300 - טיקר בלומברג (CSIN0301 Index)
BXTRNIFT,nifty50,Nifty 50 Total Return - פרוקסי מחיר (^NSEI)
TA125,ta125,TA-125
TLV125,ta125,TA-125 - וריאנט
INDEXTA125,ta125,TA-125 - וריאנט
מדד ת"א,ta125,ככל הנראה TA-125/TA-90 מקוצר - לא ניתן להבחין בוודאות מהטיקר בלבד
INDEXTA90,ta90,TA-90
TA-BANK5,ta_banks,TA Banks-5 - עדיין ללא טיקר Yahoo תקין ידוע (ר' README ב-INDICES)
INDEXTA126,,קוד לא מזוהה - ייתכן טעות דיווח (אין מדד "TA126" ידוע)
M1IN,,MSCI India (M1IN Index) - פרוקסי היחיד שנמצא הוא ETF (INDA) שנפסל: קנה-מידה שרירותי, לא רמת מדד
M1CNA,csi300,MSCI China A (M1CNA Index) - אין טיקר MSCI ברמת-מדד חינמי; csi300 (000300.SS) הוא מדד אמיתי (INDEX, לא ETF) באותה משפחת נכסים (מניות A סיניות) ובקנה-מידה נכון (~4000-4500) - לא זהה מתודולוגית ל-MSCI China A אבל קנה-המידה נכון ולא מזיק, בניגוד ל-ASHR (ETF, ~$33)
SZCOMP,shenzhen,Shenzhen Composite
GSCBHPWR,,סל קנייני של GS - אין מקור נתונים ציבורי חינמי
GSHAPOW1,,סל קנייני של GS - אין מקור נתונים ציבורי חינמי
GSXERCOV,,סל קנייני של GS - אין מקור נתונים ציבורי חינמי
GSALTEPW,,סל קנייני של GS - אין מקור נתונים ציבורי חינמי
GSXEPOWR,,סל קנייני של GS - אין מקור נתונים ציבורי חינמי
GSENEPOW,,סל קנייני של GS - אין מקור נתונים ציבורי חינמי
GSPOTECH,,סל קנייני של GS - אין מקור נתונים ציבורי חינמי
GSCLBDOG,,סל קנייני של GS - אין מקור נתונים ציבורי חינמי
GSALTCMC,,סל קנייני של GS - אין מקור נתונים ציבורי חינמי
GSALTBLD,,סל קנייני של GS - אין מקור נתונים ציבורי חינמי
GSHAOPTC,,סל קנייני של GS - אין מקור נתונים ציבורי חינמי
GSCBHJTO,,סל קנייני של GS - אין מקור נתונים ציבורי חינמי
GSALTBPB,,סל קנייני של GS - אין מקור נתונים ציבורי חינמי
GSCBCLTO,,סל קנייני של GS - אין מקור נתונים ציבורי חינמי
GSALTPOW,,סל קנייני של GS - אין מקור נתונים ציבורי חינמי
GSCBXCHI,,סל קנייני של GS - אין מקור נתונים ציבורי חינמי
GSBDIVI2,,סל קנייני של GS - אין מקור נתונים ציבורי חינמי
GSTEDAC3,,סל קנייני של GS - אין מקור נתונים ציבורי חינמי
GSCBHJPD,,סל קנייני של GS - אין מקור נתונים ציבורי חינמי
JPCLGOLD,,סל קנייני של JPM - אין מקור נתונים ציבורי חינמי
JPFXHI01,,סל קנייני של JPM - אין מקור נתונים ציבורי חינמי
JPMGDLEN,,סל קנייני של JPM - אין מקור נתונים ציבורי חינמי
JPALS001,,סל קנייני של JPM - אין מקור נתונים ציבורי חינמי
JPMTVEUI,,סל קנייני של JPM - אין מקור נתונים ציבורי חינמי
JPCLAGAM,,סל קנייני של JPM - אין מקור נתונים ציבורי חינמי
JPCLACON,,סל קנייני של JPM - אין מקור נתונים ציבורי חינמי
JPMGDLAI,,סל קנייני של JPM - אין מקור נתונים ציבורי חינמי
JPCLABIO,,סל קנייני של JPM - אין מקור נתונים ציבורי חינמי
JP2MAG7E,,סל קנייני של JPM - אין מקור נתונים ציבורי חינמי
JPCLIGHT,,סל קנייני של JPM - אין מקור נתונים ציבורי חינמי
JPFXCHI2,,סל קנייני של JPM - אין מקור נתונים ציבורי חינמי
JPFNXCHI,,סל קנייני של JPM - אין מקור נתונים ציבורי חינמי
JPFXHC,,סל קנייני של JPM - אין מקור נתונים ציבורי חינמי
JPMMOREM IND,,סל קנייני של JPM - אין מקור נתונים ציבורי חינמי
JPMOREM2 IND,,סל קנייני של JPM - אין מקור נתונים ציבורי חינמי
JPMGDLDF,,סל קנייני של JPM - אין מקור נתונים ציבורי חינמי
JPFXBK01,,סל קנייני של JPM - אין מקור נתונים ציבורי חינמי
CGASASSA,,סל קנייני של Citi - אין מקור נתונים ציבורי חינמי
CGASSASL,,סל קנייני של Citi - אין מקור נתונים ציבורי חינמי
CGASBBB,,סל קנייני של Citi - אין מקור נתונים ציבורי חינמי
CGMMCONS,,סל קנייני של Citi - אין מקור נתונים ציבורי חינמי
MLBLMUSS,,סל קנייני של ML/BofA - אין מקור נתונים ציבורי חינמי
MLBLPH01,,סל קנייני של ML/BofA - אין מקור נתונים ציבורי חינמי
NDEUCHF,,לא ידוע
IBOXHY,,iBoxx (Markit) - לא זהה ל-ETF ציבורי בביטחון מספיק
IXVTR,,S&P sector TR - לא זוהה סקטור בוודאות
IXYTR,,S&P sector TR - לא זוהה סקטור בוודאות
IXCTR,,S&P sector TR - לא זוהה סקטור בוודאות
IXTTR,,S&P sector TR - לא זוהה סקטור בוודאות
IXMTR,,S&P sector TR - לא זוהה סקטור בוודאות
S5SFTW,,S&P 500 Software - אין פרוקסי מדויק חינמי
S5TECH,,"S&P 500 Info Tech - אין TR חינמי, יש פרוקסי מחיר גס (^SP500-45) לא מדויק דיו"
MSDE15XN,,לא זוהה
SGBHVP02,,לא זוהה
TMCXG,,לא זוהה
DBCUFNXG,,לא זוהה
ISCI CHINA,,לא זוהה
GLDEFNSINDEX,,לא זוהה
HOLMS,,לא זוהה
RIYCCTR,,לא זוהה
SDB3674395897,,קוד מספרי - לא טיקר תקין
SOFR,,ריבית בנצ'מרק (לא מדד מניות) - מחוץ להיקף
ESTR,,ריבית בנצ'מרק (לא מדד מניות) - מחוץ להיקף
BBSW,,ריבית בנצ'מרק (לא מדד מניות) - מחוץ להיקף
M1WOMOM,,MSCI World Momentum - אין פרוקסי חינמי מהימן שנמצא
NDWUIT,,לא זוהה בוודאות
