נתוני נגזרים,,,,,,
נכון ל- 28/09/2026
נכס הבסיס,שם נייר,מס' ני''ע,גודל יחידות חוזה (מכפיל),מחיר מימוש,תאריך מימוש,דלתא
מדד ת''א-35,FM610-ת35,86730504,50.00,0.00,25/10/2026,100.00
מדד ת''א-35,FM611-ת35,86814837,50.00,0.00,29/11/2026,100.00
מדד ת''א-35,FM612-ת35,86873338,50.00,0.00,27/12/2026,100.00
מדד ת''א בנקים-5,FM610-בנק,86730512,10.00,0.00,25/10/2026,100.00
מדד ת''א בנקים-5,FM611-בנק,86814845,10.00,0.00,29/11/2026,100.00
מדד ת''א בנקים-5,FM612-בנק,86873346,10.00,0.00,27/12/2026,100.00
מדד ת''א-125,FM610-תא1,86749694,50.00,0.00,25/10/2026,100.00
מדד ת''א-125,FM611-תא1,86832979,50.00,0.00,29/11/2026,100.00
מדד ת''א-125,FM612-תא1,86891330,50.00,0.00,27/12/2026,100.00
מדד ת''א-90,FM610-ת90,86744877,50.00,0.00,25/10/2026,100.00
מדד ת''א-90,FM611-ת90,86828175,50.00,0.00,29/11/2026,100.00
מדד ת''א-90,FM612-ת90,86886918,50.00,0.00,27/12/2026,100.00
